"nama_gudang","kota","negara","nama_pemasok","asal_pemasok","kategori","total_stok_fisik","total_valuasi_rupiah"
"Manchester Distribution Hub","Manchester","Global","Panasonic Corporation","Global","Gaming Console & Accs","12752","11226950.95"
"Shanghai Distribution Hub","Shanghai","Global","Qualcomm Technologies","Canada","Computing & Servers","11130","10799223.17"
"Medan Distribution Hub","Medan","Indonesia","AMD (Advanced Micro Devices)","Global","Mobile Devices","10740","10112335.30"
"Toronto Distribution Hub","Toronto","Global","Microsoft Hardware Div.","Canada","Computing & Servers","10700","9400558.29"
"Melbourne Distribution Hub","Melbourne","Global","Quanta Computer","Global","Mobile Devices","10687","8987344.34"
"Fukuoka Distribution Hub","Fukuoka","Global","LG Electronics","Global","Gaming Console & Accs","9532","8881350.61"
"Houston Distribution Hub","Houston","United States","Kingston Technology","Global","Computing & Servers","9806","8628951.31"
"Rio de Janeiro Distribution Hub","Rio de Janeiro","Global","Western Digital","Global","Gaming Console & Accs","8707","8623070.68"
"New York Distribution Hub","New York","United States","Western Digital","Global","Computing & Servers","9776","8590579.81"
"Busan Distribution Hub","Busan","Global","LG Electronics","Global","Computing & Servers","10404","8425103.47"
"Brasilia Distribution Hub","Brasilia","Global","Panasonic Corporation","Global","Gaming Console & Accs","9752","8341512.78"
"Surabaya Distribution Hub","Surabaya","Indonesia","Logitech International","Global","Computing & Servers","9095","8330986.92"
"Beijing Distribution Hub","Beijing","Global","Compal Electronics","France","Computing & Servers","8816","8224254.05"
"Delhi Distribution Hub","Delhi","Global","HP Inc. Global","United Kingdom","Computing & Servers","10537","8096600.54"
"Brasilia Distribution Hub","Brasilia","Global","Panasonic Corporation","Global","Mobile Devices","9355","8091368.71"
"Hyderabad Distribution Hub","Hyderabad","Global","Corsair Gaming","South Korea","Smart Home Appliance","9053","8076104.26"
"Amsterdam Distribution Hub","Amsterdam","Global","Lenovo Group Ltd.","Turkey","Computing & Servers","10154","7994930.49"
"Incheon Distribution Hub","Incheon","Global","N/A / Initial Seed","-","Gaming Console & Accs","8975","7960198.88"
"Osaka Distribution Hub","Osaka","Global","N/A / Initial Seed","-","Mobile Devices","9291","7873345.90"
"Chicago Distribution Hub","Chicago","United States","Acer Inc. Global","Indonesia","Computing & Servers","8678","7747454.16"
"Montreal Distribution Hub","Montreal","Global","TSMC (Taiwan Semiconductor)","Indonesia","Gaming Console & Accs","8535","7745579.19"
"Makassar Distribution Hub","Makassar","Indonesia","N/A / Initial Seed","-","Mobile Devices","8876","7705167.43"
"New York Distribution Hub","New York","United States","Western Digital","Global","Mobile Devices","9121","7695038.40"
"Surabaya Distribution Hub","Surabaya","Indonesia","N/A / Initial Seed","-","Mobile Devices","9226","7681898.94"
"Leeds Distribution Hub","Leeds","Global","Apple Inc. Global","France","Computing & Servers","10196","7642658.59"
"Sao Paulo Distribution Hub","Sao Paulo","Global","Western Digital","Global","Mobile Devices","8003","7565482.24"
"Nagoya Distribution Hub","Nagoya","Global","Western Digital","Global","Computing & Servers","10231","7551926.89"
"Paris Distribution Hub","Paris","Global","N/A / Initial Seed","-","Mobile Devices","8936","7526838.64"
"Melbourne Distribution Hub","Melbourne","Global","Quanta Computer","Global","Computing & Servers","9241","7516496.73"
"Hyderabad Distribution Hub","Hyderabad","Global","Corsair Gaming","South Korea","Computing & Servers","8317","7509585.99"
"Birmingham Distribution Hub","Birmingham","Global","N/A / Initial Seed","-","Mobile Devices","9189","7504628.35"
"Mumbai Distribution Hub","Mumbai","Global","HP Inc. Global","United Kingdom","Computing & Servers","10679","7475125.43"
"Fukuoka Distribution Hub","Fukuoka","Global","N/A / Initial Seed","-","Mobile Devices","9213","7463180.87"
"Guangzhou Distribution Hub","Guangzhou","Global","N/A / Initial Seed","-","Gaming Console & Accs","9414","7443910.41"
"Jurong Distribution Hub","Jurong","Global","Compal Electronics","France","Mobile Devices","7478","7370036.28"
"Shenzhen Distribution Hub","Shenzhen","Global","Toshiba Corporation","Global","Computing & Servers","9779","7325841.99"
"Seoul Distribution Hub","Seoul","Global","Corsair Gaming","South Korea","Mobile Devices","8171","7313186.77"
"Medan Distribution Hub","Medan","Indonesia","AMD (Advanced Micro Devices)","Global","Computing & Servers","9093","7258965.34"
"Beijing Distribution Hub","Beijing","Global","N/A / Initial Seed","-","Mobile Devices","9455","7257444.22"
"Manchester Distribution Hub","Manchester","Global","Panasonic Corporation","Global","Mobile Devices","7638","7251617.63"
"Birmingham Distribution Hub","Birmingham","Global","N/A / Initial Seed","-","Gaming Console & Accs","8787","7230763.02"
"Osaka Distribution Hub","Osaka","Global","N/A / Initial Seed","-","Gaming Console & Accs","8802","7197967.30"
"Abu Dhabi Distribution Hub","Abu Dhabi","Global","Quanta Computer","Global","Computing & Servers","9396","7173472.35"
"Bangalore Distribution Hub","Bangalore","Global","AMD (Advanced Micro Devices)","Global","Gaming Console & Accs","9282","7167366.34"
"Lyon Distribution Hub","Lyon","Global","Gigabyte Technology","United Kingdom","Mobile Devices","8347","7152122.79"
"Houston Distribution Hub","Houston","United States","N/A / Initial Seed","-","Mobile Devices","8048","7134945.88"
"Mumbai Distribution Hub","Mumbai","Global","N/A / Initial Seed","-","Gaming Console & Accs","9574","7104661.27"
"Jakarta Distribution Hub","Jakarta","Indonesia","N/A / Initial Seed","-","Gaming Console & Accs","8380","7094914.78"
"Beijing Distribution Hub","Beijing","Global","N/A / Initial Seed","-","Gaming Console & Accs","9231","7093174.05"
"Delhi Distribution Hub","Delhi","Global","N/A / Initial Seed","-","Mobile Devices","8705","7092544.69"
"Seoul Distribution Hub","Seoul","Global","Corsair Gaming","South Korea","Computing & Servers","7178","7084559.54"
"Hyderabad Distribution Hub","Hyderabad","Global","N/A / Initial Seed","-","Gaming Console & Accs","9063","7069054.98"
"Jakarta Distribution Hub","Jakarta","Indonesia","N/A / Initial Seed","-","Computing & Servers","9626","7064285.89"
"Delhi Distribution Hub","Delhi","Global","N/A / Initial Seed","-","Gaming Console & Accs","8882","7060408.75"
"Jakarta Distribution Hub","Jakarta","Indonesia","N/A / Initial Seed","-","Mobile Devices","8246","7052687.03"
"Fukuoka Distribution Hub","Fukuoka","Global","N/A / Initial Seed","-","Computing & Servers","8560","7037262.12"
"Tokyo Distribution Hub","Tokyo","Global","N/A / Initial Seed","-","Mobile Devices","8377","7017831.25"
"Osaka Distribution Hub","Osaka","Global","Kingston Technology","Global","Computing & Servers","8214","7016454.18"
"Nagoya Distribution Hub","Nagoya","Global","N/A / Initial Seed","-","Mobile Devices","8365","7014834.62"
"Phoenix Distribution Hub","Phoenix","United States","N/A / Initial Seed","-","Computing & Servers","8514","6999697.92"
"Chicago Distribution Hub","Chicago","United States","N/A / Initial Seed","-","Gaming Console & Accs","8492","6990448.64"
"Munich Distribution Hub","Munich","Global","N/A / Initial Seed","-","Gaming Console & Accs","8471","6989300.16"
"Brisbane Distribution Hub","Brisbane","Global","N/A / Initial Seed","-","Gaming Console & Accs","8826","6985502.19"
"Brisbane Distribution Hub","Brisbane","Global","MSI (Micro-Star International)","South Korea","Computing & Servers","8138","6978529.11"
"Tokyo Distribution Hub","Tokyo","Global","N/A / Initial Seed","-","Gaming Console & Accs","8766","6975339.54"
"Abu Dhabi Distribution Hub","Abu Dhabi","Global","Quanta Computer","Global","Mobile Devices","6727","6962532.78"
"Sao Paulo Distribution Hub","Sao Paulo","Global","Western Digital","Global","Computing & Servers","7094","6953776.70"
"Phoenix Distribution Hub","Phoenix","United States","N/A / Initial Seed","-","Mobile Devices","8072","6933398.91"
"Bangalore Distribution Hub","Bangalore","Global","N/A / Initial Seed","-","Mobile Devices","8944","6931740.01"
"Los Angeles Distribution Hub","Los Angeles","United States","LG Electronics","Global","Computing & Servers","8758","6911132.57"
"Abu Dhabi Distribution Hub","Abu Dhabi","Global","Quanta Computer","Global","Gaming Console & Accs","7957","6910455.45"
"Surabaya Distribution Hub","Surabaya","Indonesia","Logitech International","Global","Gaming Console & Accs","8225","6909855.46"
"Melbourne Distribution Hub","Melbourne","Global","Quanta Computer","Global","Gaming Console & Accs","8498","6909435.03"
"Tokyo Distribution Hub","Tokyo","Global","N/A / Initial Seed","-","Computing & Servers","8974","6896866.27"
"Bandung Distribution Hub","Bandung","Indonesia","N/A / Initial Seed","-","Gaming Console & Accs","8501","6876584.01"
"Toronto Distribution Hub","Toronto","Global","N/A / Initial Seed","-","Gaming Console & Accs","8064","6861937.45"
"Los Angeles Distribution Hub","Los Angeles","United States","LG Electronics","Global","Mobile Devices","8786","6821591.16"
"Phoenix Distribution Hub","Phoenix","United States","N/A / Initial Seed","-","Gaming Console & Accs","8231","6783150.58"
"Manchester Distribution Hub","Manchester","Global","N/A / Initial Seed","-","Computing & Servers","9310","6780422.96"
"New York Distribution Hub","New York","United States","Western Digital","Global","Gaming Console & Accs","6569","6771118.12"
"Brasilia Distribution Hub","Brasilia","Global","N/A / Initial Seed","-","Computing & Servers","9043","6766058.66"
"Chicago Distribution Hub","Chicago","United States","N/A / Initial Seed","-","Mobile Devices","8700","6732497.29"
"Bangalore Distribution Hub","Bangalore","Global","N/A / Initial Seed","-","Computing & Servers","8703","6730001.51"
"Mumbai Distribution Hub","Mumbai","Global","N/A / Initial Seed","-","Mobile Devices","8161","6716426.97"
"Frankfurt Distribution Hub","Frankfurt","Global","N/A / Initial Seed","-","Gaming Console & Accs","8779","6707094.27"
"Beijing Distribution Hub","Beijing","Global","N/A / Initial Seed","-","Electronics","8327","6682806.00"
"Berlin Distribution Hub","Berlin","Global","N/A / Initial Seed","-","Computing & Servers","8352","6662716.29"
"Munich Distribution Hub","Munich","Global","N/A / Initial Seed","-","Computing & Servers","9378","6656732.11"
"Lyon Distribution Hub","Lyon","Global","N/A / Initial Seed","-","Gaming Console & Accs","8539","6652772.24"
"Marseille Distribution Hub","Marseille","Global","HP Inc. Global","United Kingdom","Gaming Console & Accs","8540","6646335.75"
"Marseille Distribution Hub","Marseille","Global","HP Inc. Global","United Kingdom","Mobile Devices","7910","6645739.91"
"Guangzhou Distribution Hub","Guangzhou","Global","N/A / Initial Seed","-","Computing & Servers","8910","6635599.58"
"Tokyo Distribution Hub","Tokyo","Global","N/A / Initial Seed","-","Smart Home Appliance","7789","6624418.92"
"Delhi Distribution Hub","Delhi","Global","HP Inc. Global","United Kingdom","Mobile Devices","8694","6609493.81"
"Hyderabad Distribution Hub","Hyderabad","Global","Corsair Gaming","South Korea","Gaming Console & Accs","7555","6603259.36"
"Shanghai Distribution Hub","Shanghai","Global","N/A / Initial Seed","-","Gaming Console & Accs","8638","6602233.62"
"Brisbane Distribution Hub","Brisbane","Global","N/A / Initial Seed","-","Computing & Servers","8681","6602189.03"
"Makassar Distribution Hub","Makassar","Indonesia","N/A / Initial Seed","-","Gaming Console & Accs","8182","6599053.35"
"Leeds Distribution Hub","Leeds","Global","N/A / Initial Seed","-","Gaming Console & Accs","8750","6599040.70"
"Vancouver Distribution Hub","Vancouver","Global","Foxconn Technology Group","Global","Electronics","8172","6587533.94"
"Surabaya Distribution Hub","Surabaya","Indonesia","N/A / Initial Seed","-","Smart Home Appliance","7447","6581212.05"
"Medan Distribution Hub","Medan","Indonesia","N/A / Initial Seed","-","Gaming Console & Accs","8402","6532321.71"
"Chicago Distribution Hub","Chicago","United States","N/A / Initial Seed","-","Computing & Servers","8701","6531931.20"
"Medan Distribution Hub","Medan","Indonesia","N/A / Initial Seed","-","Electronics","8757","6531031.74"
"Munich Distribution Hub","Munich","Global","N/A / Initial Seed","-","Mobile Devices","8000","6515040.60"
"Paris Distribution Hub","Paris","Global","N/A / Initial Seed","-","Gaming Console & Accs","7773","6514773.90"
"Makassar Distribution Hub","Makassar","Indonesia","N/A / Initial Seed","-","Smart Home Appliance","7549","6503565.58"
"Brasilia Distribution Hub","Brasilia","Global","Panasonic Corporation","Global","Electronics","8043","6479740.55"
"Shanghai Distribution Hub","Shanghai","Global","N/A / Initial Seed","-","Electronics","8309","6450261.22"
"Frankfurt Distribution Hub","Frankfurt","Global","NVIDIA Corporation","Indonesia","Computing & Servers","6613","6440979.91"
"Dubai Distribution Hub","Dubai","Global","Sony Corporation","Turkey","Gaming Console & Accs","7293","6438648.71"
"Bandung Distribution Hub","Bandung","Indonesia","Quanta Computer","Global","Computing & Servers","7409","6430701.09"
"Los Angeles Distribution Hub","Los Angeles","United States","N/A / Initial Seed","-","Gaming Console & Accs","8107","6420132.23"
"Guangzhou Distribution Hub","Guangzhou","Global","N/A / Initial Seed","-","Electronics","8617","6414801.04"
"Vancouver Distribution Hub","Vancouver","Global","Foxconn Technology Group","Global","Computing & Servers","7002","6411779.39"
"Incheon Distribution Hub","Incheon","Global","N/A / Initial Seed","-","Computing & Servers","8232","6408489.72"
"Berlin Distribution Hub","Berlin","Global","N/A / Initial Seed","-","Smart Home Appliance","7067","6356807.84"
"Osaka Distribution Hub","Osaka","Global","N/A / Initial Seed","-","Computing & Servers","8818","6356747.06"
"Berlin Distribution Hub","Berlin","Global","N/A / Initial Seed","-","Gaming Console & Accs","7777","6350242.26"
"Bandung Distribution Hub","Bandung","Indonesia","Quanta Computer","Global","Mobile Devices","7512","6340763.52"
"Birmingham Distribution Hub","Birmingham","Global","N/A / Initial Seed","-","Computing & Servers","7705","6330964.52"
"Frankfurt Distribution Hub","Frankfurt","Global","N/A / Initial Seed","-","Mobile Devices","8225","6329242.12"
"London Distribution Hub","London","Global","N/A / Initial Seed","-","Electronics","8146","6326175.56"
"Hamburg Distribution Hub","Hamburg","Global","Toshiba Corporation","Global","Computing & Servers","8401","6322701.99"
"Leeds Distribution Hub","Leeds","Global","N/A / Initial Seed","-","Computing & Servers","7877","6322189.31"
"Brasilia Distribution Hub","Brasilia","Global","Panasonic Corporation","Global","Smart Home Appliance","6537","6322023.02"
"Bandung Distribution Hub","Bandung","Indonesia","N/A / Initial Seed","-","Computing & Servers","8339","6321178.46"
"London Distribution Hub","London","Global","N/A / Initial Seed","-","Gaming Console & Accs","8643","6319439.21"
"Bangalore Distribution Hub","Bangalore","Global","N/A / Initial Seed","-","Gaming Console & Accs","7863","6316538.60"
"Seoul Distribution Hub","Seoul","Global","N/A / Initial Seed","-","Computing & Servers","8390","6294484.49"
"Hamburg Distribution Hub","Hamburg","Global","N/A / Initial Seed","-","Mobile Devices","7669","6288874.30"
"Jakarta Distribution Hub","Jakarta","Indonesia","Wistron Corporation","Global","Mobile Devices","8314","6288600.09"
"Nagoya Distribution Hub","Nagoya","Global","N/A / Initial Seed","-","Electronics","8215","6283698.78"
"Paris Distribution Hub","Paris","Global","N/A / Initial Seed","-","Computing & Servers","7388","6282317.26"
"Montreal Distribution Hub","Montreal","Global","TSMC (Taiwan Semiconductor)","Indonesia","Electronics","7698","6275995.62"
"Guangzhou Distribution Hub","Guangzhou","Global","N/A / Initial Seed","-","Mobile Devices","7964","6274098.50"
"Shenzhen Distribution Hub","Shenzhen","Global","Toshiba Corporation","Global","Gaming Console & Accs","6760","6269650.28"
"Montreal Distribution Hub","Montreal","Global","TSMC (Taiwan Semiconductor)","Indonesia","Computing & Servers","7986","6260765.79"
"Busan Distribution Hub","Busan","Global","LG Electronics","Global","Mobile Devices","8763","6240654.54"
"Bangalore Distribution Hub","Bangalore","Global","N/A / Initial Seed","-","Electronics","8188","6238455.08"
"Sao Paulo Distribution Hub","Sao Paulo","Global","N/A / Initial Seed","-","Gaming Console & Accs","8085","6232256.63"
"Hyderabad Distribution Hub","Hyderabad","Global","Corsair Gaming","South Korea","Mobile Devices","5273","6232125.35"
"Hamburg Distribution Hub","Hamburg","Global","Toshiba Corporation","Global","Mobile Devices","8413","6228944.28"
"Seoul Distribution Hub","Seoul","Global","N/A / Initial Seed","-","Gaming Console & Accs","7751","6223691.14"
"Singapore Central Distribution Hub","Singapore Central","Global","Microsoft Hardware Div.","Canada","Gaming Console & Accs","7989","6217961.77"
"Nagoya Distribution Hub","Nagoya","Global","N/A / Initial Seed","-","Gaming Console & Accs","8118","6207180.99"
"Makassar Distribution Hub","Makassar","Indonesia","TSMC (Taiwan Semiconductor)","Indonesia","Computing & Servers","6202","6195674.11"
"Sydney Distribution Hub","Sydney","Global","N/A / Initial Seed","-","Smart Home Appliance","7001","6171473.02"
"Bandung Distribution Hub","Bandung","Indonesia","N/A / Initial Seed","-","Mobile Devices","7729","6168438.46"
"Vancouver Distribution Hub","Vancouver","Global","Foxconn Technology Group","Global","Mobile Devices","7316","6164683.70"
"Frankfurt Distribution Hub","Frankfurt","Global","N/A / Initial Seed","-","Computing & Servers","8050","6163387.62"
"Jurong Distribution Hub","Jurong","Global","N/A / Initial Seed","-","Computing & Servers","7777","6162007.76"
"Seoul Distribution Hub","Seoul","Global","Corsair Gaming","South Korea","Electronics","7458","6151044.08"
"New York Distribution Hub","New York","United States","N/A / Initial Seed","-","Gaming Console & Accs","8277","6147314.37"
"Fukuoka Distribution Hub","Fukuoka","Global","N/A / Initial Seed","-","Electronics","8900","6143715.63"
"Hyderabad Distribution Hub","Hyderabad","Global","N/A / Initial Seed","-","Electronics","7427","6138363.36"
"London Distribution Hub","London","Global","ASUSTeK Computer Inc.","France","Gaming Console & Accs","7033","6138085.80"
"Guangzhou Distribution Hub","Guangzhou","Global","Apple Inc. Global","France","Mobile Devices","6093","6137141.69"
"Brisbane Distribution Hub","Brisbane","Global","N/A / Initial Seed","-","Mobile Devices","7456","6129844.35"
"Incheon Distribution Hub","Incheon","Global","Gigabyte Technology","United Kingdom","Electronics","6815","6125488.83"
"Mumbai Distribution Hub","Mumbai","Global","N/A / Initial Seed","-","Computing & Servers","8138","6122693.71"
"Medan Distribution Hub","Medan","Indonesia","N/A / Initial Seed","-","Smart Home Appliance","7188","6116705.12"
"Rio de Janeiro Distribution Hub","Rio de Janeiro","Global","Western Digital","Global","Mobile Devices","7236","6116359.29"
"Hyderabad Distribution Hub","Hyderabad","Global","N/A / Initial Seed","-","Mobile Devices","8467","6104939.22"
"Manchester Distribution Hub","Manchester","Global","N/A / Initial Seed","-","Mobile Devices","7901","6101435.44"
"Nagoya Distribution Hub","Nagoya","Global","Western Digital","Global","Gaming Console & Accs","8071","6100417.68"
"Sydney Distribution Hub","Sydney","Global","N/A / Initial Seed","-","Gaming Console & Accs","7465","6097716.65"
"Fukuoka Distribution Hub","Fukuoka","Global","N/A / Initial Seed","-","Gaming Console & Accs","8111","6097554.66"
"Fukuoka Distribution Hub","Fukuoka","Global","LG Electronics","Global","Computing & Servers","9844","6096914.64"
"Hamburg Distribution Hub","Hamburg","Global","N/A / Initial Seed","-","Computing & Servers","7956","6091900.53"
"Sydney Distribution Hub","Sydney","Global","N/A / Initial Seed","-","Computing & Servers","8459","6084497.58"
"Houston Distribution Hub","Houston","United States","N/A / Initial Seed","-","Gaming Console & Accs","7488","6043116.51"
"Shanghai Distribution Hub","Shanghai","Global","N/A / Initial Seed","-","Mobile Devices","7668","6038844.09"
"Berlin Distribution Hub","Berlin","Global","N/A / Initial Seed","-","Electronics","8205","6033997.20"
"Beijing Distribution Hub","Beijing","Global","N/A / Initial Seed","-","Computing & Servers","8503","6029451.43"
"Dubai Distribution Hub","Dubai","Global","N/A / Initial Seed","-","Computing & Servers","7355","6018201.39"
"Surabaya Distribution Hub","Surabaya","Indonesia","N/A / Initial Seed","-","Computing & Servers","8238","6012142.57"
"Mumbai Distribution Hub","Mumbai","Global","N/A / Initial Seed","-","Electronics","8257","5991524.89"
"Leeds Distribution Hub","Leeds","Global","N/A / Initial Seed","-","Electronics","8507","5989814.45"
"Vancouver Distribution Hub","Vancouver","Global","N/A / Initial Seed","-","Gaming Console & Accs","7516","5982536.16"
"Shanghai Distribution Hub","Shanghai","Global","Qualcomm Technologies","Canada","Smart Home Appliance","7202","5980599.78"
"Makassar Distribution Hub","Makassar","Indonesia","N/A / Initial Seed","-","Computing & Servers","8473","5979025.84"
"Hamburg Distribution Hub","Hamburg","Global","N/A / Initial Seed","-","Gaming Console & Accs","7262","5977397.37"
"Shenzhen Distribution Hub","Shenzhen","Global","N/A / Initial Seed","-","Mobile Devices","8073","5974184.11"
"Toronto Distribution Hub","Toronto","Global","N/A / Initial Seed","-","Mobile Devices","7878","5971860.15"
"Medan Distribution Hub","Medan","Indonesia","N/A / Initial Seed","-","Computing & Servers","8020","5954956.00"
"Abu Dhabi Distribution Hub","Abu Dhabi","Global","N/A / Initial Seed","-","Computing & Servers","7456","5952132.28"
"Bangalore Distribution Hub","Bangalore","Global","AMD (Advanced Micro Devices)","Global","Computing & Servers","7111","5948635.27"
"Jurong Distribution Hub","Jurong","Global","Compal Electronics","France","Smart Home Appliance","6477","5937067.49"
"Rio de Janeiro Distribution Hub","Rio de Janeiro","Global","N/A / Initial Seed","-","Mobile Devices","7106","5902215.56"
"Houston Distribution Hub","Houston","United States","Kingston Technology","Global","Gaming Console & Accs","7755","5900789.32"
"Seoul Distribution Hub","Seoul","Global","N/A / Initial Seed","-","Mobile Devices","7170","5889516.83"
"Busan Distribution Hub","Busan","Global","N/A / Initial Seed","-","Smart Home Appliance","6610","5887123.89"
"Berlin Distribution Hub","Berlin","Global","Quanta Computer","Global","Gaming Console & Accs","7425","5880100.75"
"Abu Dhabi Distribution Hub","Abu Dhabi","Global","N/A / Initial Seed","-","Gaming Console & Accs","7535","5879043.44"
"Montreal Distribution Hub","Montreal","Global","N/A / Initial Seed","-","Computing & Servers","7716","5876295.78"
"Houston Distribution Hub","Houston","United States","N/A / Initial Seed","-","Electronics","8011","5876079.24"
"Jakarta Distribution Hub","Jakarta","Indonesia","N/A / Initial Seed","-","Smart Home Appliance","7192","5872528.27"
"Surabaya Distribution Hub","Surabaya","Indonesia","N/A / Initial Seed","-","Electronics","7159","5860116.67"
"Los Angeles Distribution Hub","Los Angeles","United States","N/A / Initial Seed","-","Mobile Devices","6979","5858709.66"
"Tokyo Distribution Hub","Tokyo","Global","N/A / Initial Seed","-","Electronics","8158","5849628.31"
"Marseille Distribution Hub","Marseille","Global","N/A / Initial Seed","-","Gaming Console & Accs","7436","5844613.86"
"Los Angeles Distribution Hub","Los Angeles","United States","LG Electronics","Global","Gaming Console & Accs","7701","5843879.88"
"Sao Paulo Distribution Hub","Sao Paulo","Global","N/A / Initial Seed","-","Mobile Devices","7638","5818577.30"
"Singapore Central Distribution Hub","Singapore Central","Global","N/A / Initial Seed","-","Mobile Devices","7068","5816052.35"
"Melbourne Distribution Hub","Melbourne","Global","N/A / Initial Seed","-","Smart Home Appliance","6717","5808675.42"
"Shenzhen Distribution Hub","Shenzhen","Global","N/A / Initial Seed","-","Gaming Console & Accs","7936","5800033.18"
"Chicago Distribution Hub","Chicago","United States","Acer Inc. Global","Indonesia","Mobile Devices","6248","5794952.11"
"Delhi Distribution Hub","Delhi","Global","N/A / Initial Seed","-","Electronics","8206","5793809.67"
"Delhi Distribution Hub","Delhi","Global","N/A / Initial Seed","-","Smart Home Appliance","6904","5791531.73"
"Surabaya Distribution Hub","Surabaya","Indonesia","N/A / Initial Seed","-","Gaming Console & Accs","7576","5790619.51"
"Melbourne Distribution Hub","Melbourne","Global","N/A / Initial Seed","-","Computing & Servers","7731","5790330.10"
"Los Angeles Distribution Hub","Los Angeles","United States","N/A / Initial Seed","-","Computing & Servers","7708","5789939.70"
"New York Distribution Hub","New York","United States","N/A / Initial Seed","-","Smart Home Appliance","7006","5785030.52"
"Lyon Distribution Hub","Lyon","Global","N/A / Initial Seed","-","Mobile Devices","6857","5778851.57"
"Marseille Distribution Hub","Marseille","Global","N/A / Initial Seed","-","Computing & Servers","7112","5772293.42"
"Houston Distribution Hub","Houston","United States","N/A / Initial Seed","-","Smart Home Appliance","6950","5761001.77"
"Sao Paulo Distribution Hub","Sao Paulo","Global","N/A / Initial Seed","-","Computing & Servers","8080","5755108.60"
"Jakarta Distribution Hub","Jakarta","Indonesia","Wistron Corporation","Global","Computing & Servers","6004","5747721.25"
"New York Distribution Hub","New York","United States","N/A / Initial Seed","-","Electronics","7145","5744287.33"
"Lyon Distribution Hub","Lyon","Global","Gigabyte Technology","United Kingdom","Smart Home Appliance","6850","5731868.74"
"Shenzhen Distribution Hub","Shenzhen","Global","N/A / Initial Seed","-","Smart Home Appliance","6976","5720126.32"
"Rio de Janeiro Distribution Hub","Rio de Janeiro","Global","N/A / Initial Seed","-","Computing & Servers","7303","5716435.86"
"Amsterdam Distribution Hub","Amsterdam","Global","N/A / Initial Seed","-","Gaming Console & Accs","6679","5706909.07"
"Busan Distribution Hub","Busan","Global","N/A / Initial Seed","-","Mobile Devices","6901","5706213.08"
"Guangzhou Distribution Hub","Guangzhou","Global","Apple Inc. Global","France","Computing & Servers","7580","5689720.52"
"Sydney Distribution Hub","Sydney","Global","Western Digital","Global","Mobile Devices","7808","5677326.55"
"Sydney Distribution Hub","Sydney","Global","Western Digital","Global","Gaming Console & Accs","7592","5674436.72"
"Shenzhen Distribution Hub","Shenzhen","Global","Toshiba Corporation","Global","Mobile Devices","6102","5673092.47"
"Medan Distribution Hub","Medan","Indonesia","N/A / Initial Seed","-","Mobile Devices","7332","5672667.27"
"London Distribution Hub","London","Global","N/A / Initial Seed","-","Computing & Servers","7724","5658112.69"
"Busan Distribution Hub","Busan","Global","N/A / Initial Seed","-","Gaming Console & Accs","7277","5655331.26"
"Sao Paulo Distribution Hub","Sao Paulo","Global","Western Digital","Global","Gaming Console & Accs","7097","5647658.46"
"Phoenix Distribution Hub","Phoenix","United States","N/A / Initial Seed","-","Electronics","8030","5636206.41"
"London Distribution Hub","London","Global","N/A / Initial Seed","-","Mobile Devices","6831","5632319.98"
"Paris Distribution Hub","Paris","Global","N/A / Initial Seed","-","Smart Home Appliance","6734","5627117.37"
"Rio de Janeiro Distribution Hub","Rio de Janeiro","Global","N/A / Initial Seed","-","Electronics","7934","5626353.19"
"Melbourne Distribution Hub","Melbourne","Global","N/A / Initial Seed","-","Mobile Devices","7069","5626307.48"
"Los Angeles Distribution Hub","Los Angeles","United States","N/A / Initial Seed","-","Smart Home Appliance","6551","5615107.89"
"Sao Paulo Distribution Hub","Sao Paulo","Global","N/A / Initial Seed","-","Electronics","7616","5607775.37"
"Hyderabad Distribution Hub","Hyderabad","Global","N/A / Initial Seed","-","Computing & Servers","8030","5597283.39"
"Paris Distribution Hub","Paris","Global","Lenovo Group Ltd.","Turkey","Gaming Console & Accs","7243","5595367.00"
"Jurong Distribution Hub","Jurong","Global","N/A / Initial Seed","-","Mobile Devices","6551","5575586.20"
"Frankfurt Distribution Hub","Frankfurt","Global","NVIDIA Corporation","Indonesia","Mobile Devices","5912","5573885.95"
"Chicago Distribution Hub","Chicago","United States","N/A / Initial Seed","-","Electronics","7469","5572752.51"
"Sydney Distribution Hub","Sydney","Global","N/A / Initial Seed","-","Mobile Devices","6346","5572531.23"
"Frankfurt Distribution Hub","Frankfurt","Global","N/A / Initial Seed","-","Electronics","7763","5562897.12"
"Montreal Distribution Hub","Montreal","Global","N/A / Initial Seed","-","Mobile Devices","7197","5560373.46"
"Frankfurt Distribution Hub","Frankfurt","Global","N/A / Initial Seed","-","Smart Home Appliance","6220","5554557.39"
"Abu Dhabi Distribution Hub","Abu Dhabi","Global","N/A / Initial Seed","-","Mobile Devices","6367","5551200.09"
"Bandung Distribution Hub","Bandung","Indonesia","Quanta Computer","Global","Electronics","6037","5546482.54"
"Mumbai Distribution Hub","Mumbai","Global","HP Inc. Global","United Kingdom","Mobile Devices","6119","5537289.52"
"Vancouver Distribution Hub","Vancouver","Global","Foxconn Technology Group","Global","Gaming Console & Accs","7239","5534739.04"
"Shanghai Distribution Hub","Shanghai","Global","N/A / Initial Seed","-","Smart Home Appliance","6413","5528004.68"
"Melbourne Distribution Hub","Melbourne","Global","N/A / Initial Seed","-","Gaming Console & Accs","7424","5511234.69"
"Birmingham Distribution Hub","Birmingham","Global","Gigabyte Technology","United Kingdom","Computing & Servers","8377","5505992.61"
"Bandung Distribution Hub","Bandung","Indonesia","N/A / Initial Seed","-","Smart Home Appliance","6161","5505650.29"
"Houston Distribution Hub","Houston","United States","N/A / Initial Seed","-","Computing & Servers","7784","5498326.12"
"Hamburg Distribution Hub","Hamburg","Global","N/A / Initial Seed","-","Electronics","7661","5493217.62"
"Rio de Janeiro Distribution Hub","Rio de Janeiro","Global","N/A / Initial Seed","-","Gaming Console & Accs","7201","5482574.08"
"Singapore Central Distribution Hub","Singapore Central","Global","N/A / Initial Seed","-","Gaming Console & Accs","7229","5476645.50"
"Vancouver Distribution Hub","Vancouver","Global","N/A / Initial Seed","-","Computing & Servers","7389","5476572.69"
"Montreal Distribution Hub","Montreal","Global","TSMC (Taiwan Semiconductor)","Indonesia","Mobile Devices","5516","5469976.37"
"Rio de Janeiro Distribution Hub","Rio de Janeiro","Global","N/A / Initial Seed","-","Smart Home Appliance","6777","5465208.29"
"Munich Distribution Hub","Munich","Global","Compal Electronics","France","Computing & Servers","6247","5453450.06"
"Manchester Distribution Hub","Manchester","Global","N/A / Initial Seed","-","Smart Home Appliance","6599","5440977.13"
"Dubai Distribution Hub","Dubai","Global","N/A / Initial Seed","-","Mobile Devices","6728","5438166.02"
"Sydney Distribution Hub","Sydney","Global","Western Digital","Global","Computing & Servers","6004","5431849.44"
"Singapore Central Distribution Hub","Singapore Central","Global","N/A / Initial Seed","-","Electronics","7935","5429174.13"
"Manchester Distribution Hub","Manchester","Global","N/A / Initial Seed","-","Gaming Console & Accs","6722","5426563.99"
"London Distribution Hub","London","Global","ASUSTeK Computer Inc.","France","Mobile Devices","6930","5420547.77"
"Amsterdam Distribution Hub","Amsterdam","Global","Lenovo Group Ltd.","Turkey","Gaming Console & Accs","7945","5417115.41"
"Munich Distribution Hub","Munich","Global","N/A / Initial Seed","-","Smart Home Appliance","6130","5415688.73"
"Phoenix Distribution Hub","Phoenix","United States","N/A / Initial Seed","-","Smart Home Appliance","6782","5411355.12"
"Vancouver Distribution Hub","Vancouver","Global","N/A / Initial Seed","-","Smart Home Appliance","6546","5410804.80"
"Busan Distribution Hub","Busan","Global","N/A / Initial Seed","-","Computing & Servers","7230","5401795.16"
"Berlin Distribution Hub","Berlin","Global","Quanta Computer","Global","Mobile Devices","6509","5399676.37"
"Brisbane Distribution Hub","Brisbane","Global","MSI (Micro-Star International)","South Korea","Mobile Devices","6908","5397761.52"
"Lyon Distribution Hub","Lyon","Global","N/A / Initial Seed","-","Computing & Servers","7411","5393741.80"
"Nagoya Distribution Hub","Nagoya","Global","N/A / Initial Seed","-","Smart Home Appliance","6262","5388276.63"
"Delhi Distribution Hub","Delhi","Global","N/A / Initial Seed","-","Computing & Servers","7113","5372106.79"
"Melbourne Distribution Hub","Melbourne","Global","N/A / Initial Seed","-","Electronics","7279","5372025.27"
"London Distribution Hub","London","Global","N/A / Initial Seed","-","Smart Home Appliance","6552","5371522.01"
"Shenzhen Distribution Hub","Shenzhen","Global","N/A / Initial Seed","-","Computing & Servers","6936","5350525.49"
"Osaka Distribution Hub","Osaka","Global","Kingston Technology","Global","Mobile Devices","7408","5330079.04"
"Phoenix Distribution Hub","Phoenix","United States","Wistron Corporation","Global","Computing & Servers","8024","5323190.95"
"Toronto Distribution Hub","Toronto","Global","N/A / Initial Seed","-","Smart Home Appliance","5864","5323176.66"
"Incheon Distribution Hub","Incheon","Global","N/A / Initial Seed","-","Mobile Devices","5997","5322768.84"
"Phoenix Distribution Hub","Phoenix","United States","Wistron Corporation","Global","Smart Home Appliance","5690","5309541.08"
"Brasilia Distribution Hub","Brasilia","Global","Panasonic Corporation","Global","Computing & Servers","5669","5304840.11"
"Montreal Distribution Hub","Montreal","Global","N/A / Initial Seed","-","Gaming Console & Accs","7324","5289921.41"
"Paris Distribution Hub","Paris","Global","Lenovo Group Ltd.","Turkey","Electronics","5635","5286782.86"
"Brisbane Distribution Hub","Brisbane","Global","N/A / Initial Seed","-","Smart Home Appliance","6045","5281652.47"
"Berlin Distribution Hub","Berlin","Global","N/A / Initial Seed","-","Mobile Devices","6877","5277881.55"
"Sao Paulo Distribution Hub","Sao Paulo","Global","N/A / Initial Seed","-","Smart Home Appliance","6264","5261603.43"
"Vancouver Distribution Hub","Vancouver","Global","N/A / Initial Seed","-","Mobile Devices","6900","5246013.77"
"Bandung Distribution Hub","Bandung","Indonesia","Quanta Computer","Global","Gaming Console & Accs","6955","5245076.64"
"Singapore Central Distribution Hub","Singapore Central","Global","N/A / Initial Seed","-","Computing & Servers","6908","5236522.84"
"New York Distribution Hub","New York","United States","N/A / Initial Seed","-","Mobile Devices","6852","5223503.25"
"Hamburg Distribution Hub","Hamburg","Global","N/A / Initial Seed","-","Smart Home Appliance","6055","5209652.58"
"Leeds Distribution Hub","Leeds","Global","Apple Inc. Global","France","Mobile Devices","7116","5204881.76"
"Toronto Distribution Hub","Toronto","Global","N/A / Initial Seed","-","Computing & Servers","7187","5185657.53"
"Berlin Distribution Hub","Berlin","Global","Quanta Computer","Global","Electronics","5224","5184049.67"
"Dubai Distribution Hub","Dubai","Global","Sony Corporation","Turkey","Mobile Devices","6252","5183109.33"
"Manchester Distribution Hub","Manchester","Global","N/A / Initial Seed","-","Electronics","7222","5160530.91"
"Leeds Distribution Hub","Leeds","Global","N/A / Initial Seed","-","Mobile Devices","6455","5157198.68"
"Tokyo Distribution Hub","Tokyo","Global","Western Digital","Global","Gaming Console & Accs","5472","5155927.42"
"Incheon Distribution Hub","Incheon","Global","Gigabyte Technology","United Kingdom","Computing & Servers","7045","5139972.71"
"Beijing Distribution Hub","Beijing","Global","N/A / Initial Seed","-","Smart Home Appliance","6345","5133743.66"
"Jurong Distribution Hub","Jurong","Global","N/A / Initial Seed","-","Electronics","7106","5130175.43"
"Incheon Distribution Hub","Incheon","Global","Gigabyte Technology","United Kingdom","Mobile Devices","8755","5123921.64"
"Amsterdam Distribution Hub","Amsterdam","Global","Lenovo Group Ltd.","Turkey","Electronics","4618","5122548.27"
"Osaka Distribution Hub","Osaka","Global","N/A / Initial Seed","-","Smart Home Appliance","5860","5110802.24"
"Munich Distribution Hub","Munich","Global","Compal Electronics","France","Electronics","5817","5097873.23"
"Paris Distribution Hub","Paris","Global","Lenovo Group Ltd.","Turkey","Computing & Servers","7892","5080306.51"
"Birmingham Distribution Hub","Birmingham","Global","Gigabyte Technology","United Kingdom","Electronics","6252","5072481.08"
"Manchester Distribution Hub","Manchester","Global","Panasonic Corporation","Global","Computing & Servers","5217","5071608.93"
"Jurong Distribution Hub","Jurong","Global","N/A / Initial Seed","-","Gaming Console & Accs","6399","5060830.51"
"Fukuoka Distribution Hub","Fukuoka","Global","N/A / Initial Seed","-","Smart Home Appliance","6217","5053167.13"
"Munich Distribution Hub","Munich","Global","Compal Electronics","France","Mobile Devices","5806","5052009.15"
"Manchester Distribution Hub","Manchester","Global","Panasonic Corporation","Global","Electronics","6404","5050741.77"
"Dubai Distribution Hub","Dubai","Global","N/A / Initial Seed","-","Gaming Console & Accs","6546","5049682.68"
"Toronto Distribution Hub","Toronto","Global","N/A / Initial Seed","-","Electronics","7224","5037843.46"
"Toronto Distribution Hub","Toronto","Global","Microsoft Hardware Div.","Canada","Electronics","4945","5034748.30"
"Los Angeles Distribution Hub","Los Angeles","United States","LG Electronics","Global","Electronics","6738","5034557.88"
"Singapore Central Distribution Hub","Singapore Central","Global","Microsoft Hardware Div.","Canada","Computing & Servers","7372","5030072.16"
"Dubai Distribution Hub","Dubai","Global","Sony Corporation","Turkey","Computing & Servers","6421","5022699.95"
"Makassar Distribution Hub","Makassar","Indonesia","N/A / Initial Seed","-","Electronics","7589","5010772.72"
"Chicago Distribution Hub","Chicago","United States","N/A / Initial Seed","-","Smart Home Appliance","6028","4985307.57"
"Birmingham Distribution Hub","Birmingham","Global","N/A / Initial Seed","-","Electronics","6711","4979448.21"
"Marseille Distribution Hub","Marseille","Global","HP Inc. Global","United Kingdom","Smart Home Appliance","5174","4961109.18"
"Shanghai Distribution Hub","Shanghai","Global","Qualcomm Technologies","Canada","Mobile Devices","6678","4956892.42"
"Sydney Distribution Hub","Sydney","Global","N/A / Initial Seed","-","Electronics","7149","4952870.74"
"Brasilia Distribution Hub","Brasilia","Global","N/A / Initial Seed","-","Gaming Console & Accs","6322","4938989.86"
"Brasilia Distribution Hub","Brasilia","Global","N/A / Initial Seed","-","Electronics","6657","4937723.46"
"Abu Dhabi Distribution Hub","Abu Dhabi","Global","N/A / Initial Seed","-","Smart Home Appliance","5768","4926185.33"
"Seoul Distribution Hub","Seoul","Global","N/A / Initial Seed","-","Smart Home Appliance","5696","4918094.12"
"Los Angeles Distribution Hub","Los Angeles","United States","N/A / Initial Seed","-","Electronics","6952","4916247.95"
"Incheon Distribution Hub","Incheon","Global","N/A / Initial Seed","-","Smart Home Appliance","5982","4914883.40"
"Guangzhou Distribution Hub","Guangzhou","Global","N/A / Initial Seed","-","Smart Home Appliance","6139","4911019.20"
"Delhi Distribution Hub","Delhi","Global","HP Inc. Global","United Kingdom","Gaming Console & Accs","5395","4909464.48"
"Marseille Distribution Hub","Marseille","Global","N/A / Initial Seed","-","Electronics","7077","4904532.54"
"Busan Distribution Hub","Busan","Global","LG Electronics","Global","Electronics","6133","4901408.06"
"Lyon Distribution Hub","Lyon","Global","Gigabyte Technology","United Kingdom","Computing & Servers","5581","4888696.92"
"Bandung Distribution Hub","Bandung","Indonesia","N/A / Initial Seed","-","Electronics","6674","4887848.18"
"Brisbane Distribution Hub","Brisbane","Global","N/A / Initial Seed","-","Electronics","6547","4863346.96"
"Dubai Distribution Hub","Dubai","Global","N/A / Initial Seed","-","Electronics","7099","4857168.58"
"Osaka Distribution Hub","Osaka","Global","N/A / Initial Seed","-","Electronics","6797","4854254.29"
"Montreal Distribution Hub","Montreal","Global","N/A / Initial Seed","-","Smart Home Appliance","5535","4845307.91"
"Chicago Distribution Hub","Chicago","United States","Acer Inc. Global","Indonesia","Smart Home Appliance","5723","4843701.26"
"London Distribution Hub","London","Global","ASUSTeK Computer Inc.","France","Computing & Servers","7397","4842304.58"
"Bangalore Distribution Hub","Bangalore","Global","N/A / Initial Seed","-","Smart Home Appliance","5987","4839332.41"
"Lyon Distribution Hub","Lyon","Global","N/A / Initial Seed","-","Electronics","6342","4807692.32"
"Osaka Distribution Hub","Osaka","Global","Kingston Technology","Global","Smart Home Appliance","6493","4790416.57"
"Munich Distribution Hub","Munich","Global","N/A / Initial Seed","-","Electronics","6993","4780079.98"
"Leeds Distribution Hub","Leeds","Global","N/A / Initial Seed","-","Smart Home Appliance","5918","4776095.11"
"Shanghai Distribution Hub","Shanghai","Global","N/A / Initial Seed","-","Computing & Servers","6942","4742934.15"
"Abu Dhabi Distribution Hub","Abu Dhabi","Global","N/A / Initial Seed","-","Electronics","6533","4674345.58"
"New York Distribution Hub","New York","United States","N/A / Initial Seed","-","Computing & Servers","6695","4656435.24"
"Amsterdam Distribution Hub","Amsterdam","Global","Lenovo Group Ltd.","Turkey","Mobile Devices","4869","4651988.19"
"Nagoya Distribution Hub","Nagoya","Global","N/A / Initial Seed","-","Computing & Servers","6331","4629277.35"
"Tokyo Distribution Hub","Tokyo","Global","Western Digital","Global","Mobile Devices","7159","4627295.98"
"Amsterdam Distribution Hub","Amsterdam","Global","N/A / Initial Seed","-","Mobile Devices","5673","4623959.77"
"Jakarta Distribution Hub","Jakarta","Indonesia","N/A / Initial Seed","-","Electronics","7275","4614174.21"
"Brisbane Distribution Hub","Brisbane","Global","MSI (Micro-Star International)","South Korea","Smart Home Appliance","5585","4607008.89"
"Mumbai Distribution Hub","Mumbai","Global","N/A / Initial Seed","-","Smart Home Appliance","5613","4592147.81"
"Vancouver Distribution Hub","Vancouver","Global","N/A / Initial Seed","-","Electronics","6424","4582292.85"
"Munich Distribution Hub","Munich","Global","Compal Electronics","France","Smart Home Appliance","6710","4580876.33"
"Incheon Distribution Hub","Incheon","Global","Gigabyte Technology","United Kingdom","Smart Home Appliance","5597","4577906.28"
"Montreal Distribution Hub","Montreal","Global","TSMC (Taiwan Semiconductor)","Indonesia","Smart Home Appliance","6163","4576891.30"
"Shenzhen Distribution Hub","Shenzhen","Global","Toshiba Corporation","Global","Electronics","5705","4574805.96"
"Lyon Distribution Hub","Lyon","Global","Gigabyte Technology","United Kingdom","Gaming Console & Accs","5441","4570415.19"
"Amsterdam Distribution Hub","Amsterdam","Global","N/A / Initial Seed","-","Computing & Servers","5899","4558086.75"
"Nagoya Distribution Hub","Nagoya","Global","Western Digital","Global","Mobile Devices","6086","4543611.73"
"Marseille Distribution Hub","Marseille","Global","N/A / Initial Seed","-","Mobile Devices","5850","4538152.23"
"Osaka Distribution Hub","Osaka","Global","Kingston Technology","Global","Electronics","4249","4530164.72"
"Montreal Distribution Hub","Montreal","Global","N/A / Initial Seed","-","Electronics","6371","4528078.87"
"Chicago Distribution Hub","Chicago","United States","Acer Inc. Global","Indonesia","Gaming Console & Accs","6542","4512320.94"
"Brasilia Distribution Hub","Brasilia","Global","N/A / Initial Seed","-","Mobile Devices","5667","4507495.64"
"Busan Distribution Hub","Busan","Global","LG Electronics","Global","Gaming Console & Accs","6150","4507426.46"
"Busan Distribution Hub","Busan","Global","N/A / Initial Seed","-","Electronics","6147","4494786.50"
"Paris Distribution Hub","Paris","Global","N/A / Initial Seed","-","Electronics","6208","4476745.41"
"Incheon Distribution Hub","Incheon","Global","N/A / Initial Seed","-","Electronics","6178","4470525.56"
"Leeds Distribution Hub","Leeds","Global","Apple Inc. Global","France","Gaming Console & Accs","4990","4458850.74"
"Fukuoka Distribution Hub","Fukuoka","Global","LG Electronics","Global","Smart Home Appliance","4823","4443385.24"
"Mumbai Distribution Hub","Mumbai","Global","HP Inc. Global","United Kingdom","Electronics","4570","4428923.45"
"Rio de Janeiro Distribution Hub","Rio de Janeiro","Global","Western Digital","Global","Computing & Servers","6626","4408990.06"
"Hamburg Distribution Hub","Hamburg","Global","Toshiba Corporation","Global","Gaming Console & Accs","5302","4405788.93"
"New York Distribution Hub","New York","United States","Western Digital","Global","Electronics","6270","4399147.98"
"Surabaya Distribution Hub","Surabaya","Indonesia","Logitech International","Global","Electronics","4689","4393449.45"
"Makassar Distribution Hub","Makassar","Indonesia","TSMC (Taiwan Semiconductor)","Indonesia","Mobile Devices","6251","4392360.87"
"Seoul Distribution Hub","Seoul","Global","N/A / Initial Seed","-","Electronics","5755","4381669.11"
"Tokyo Distribution Hub","Tokyo","Global","Western Digital","Global","Computing & Servers","4941","4370710.46"
"Phoenix Distribution Hub","Phoenix","United States","Wistron Corporation","Global","Electronics","4791","4359022.79"
"Dubai Distribution Hub","Dubai","Global","N/A / Initial Seed","-","Smart Home Appliance","5303","4347203.24"
"Jurong Distribution Hub","Jurong","Global","Compal Electronics","France","Computing & Servers","5809","4316263.81"
"Jurong Distribution Hub","Jurong","Global","Compal Electronics","France","Gaming Console & Accs","5315","4314814.85"
"Guangzhou Distribution Hub","Guangzhou","Global","Apple Inc. Global","France","Smart Home Appliance","5129","4303352.25"
"Birmingham Distribution Hub","Birmingham","Global","N/A / Initial Seed","-","Smart Home Appliance","5458","4298256.37"
"Hyderabad Distribution Hub","Hyderabad","Global","N/A / Initial Seed","-","Smart Home Appliance","5078","4288905.27"
"Marseille Distribution Hub","Marseille","Global","N/A / Initial Seed","-","Smart Home Appliance","5490","4233043.83"
"Amsterdam Distribution Hub","Amsterdam","Global","N/A / Initial Seed","-","Electronics","6395","4215308.66"
"Hyderabad Distribution Hub","Hyderabad","Global","Corsair Gaming","South Korea","Electronics","6442","4197770.28"
"Singapore Central Distribution Hub","Singapore Central","Global","N/A / Initial Seed","-","Smart Home Appliance","5229","4189454.73"
"Beijing Distribution Hub","Beijing","Global","Compal Electronics","France","Mobile Devices","5487","4177578.23"
"Marseille Distribution Hub","Marseille","Global","HP Inc. Global","United Kingdom","Computing & Servers","7836","4169980.92"
"Tokyo Distribution Hub","Tokyo","Global","Western Digital","Global","Electronics","4394","4159818.86"
"Jakarta Distribution Hub","Jakarta","Indonesia","Wistron Corporation","Global","Electronics","3966","4159506.07"
"Brisbane Distribution Hub","Brisbane","Global","MSI (Micro-Star International)","South Korea","Electronics","5903","4152958.38"
"Lyon Distribution Hub","Lyon","Global","N/A / Initial Seed","-","Smart Home Appliance","4879","4131723.61"
"Seoul Distribution Hub","Seoul","Global","Corsair Gaming","South Korea","Gaming Console & Accs","5485","4130995.62"
"Jurong Distribution Hub","Jurong","Global","Compal Electronics","France","Electronics","4796","4129005.22"
"Toronto Distribution Hub","Toronto","Global","Microsoft Hardware Div.","Canada","Mobile Devices","5433","4106511.49"
"Osaka Distribution Hub","Osaka","Global","Kingston Technology","Global","Gaming Console & Accs","5371","4103880.61"
"Birmingham Distribution Hub","Birmingham","Global","Gigabyte Technology","United Kingdom","Smart Home Appliance","5122","4085351.99"
"Beijing Distribution Hub","Beijing","Global","Compal Electronics","France","Gaming Console & Accs","4868","4066853.62"
"Makassar Distribution Hub","Makassar","Indonesia","TSMC (Taiwan Semiconductor)","Indonesia","Gaming Console & Accs","6572","4033592.86"
"Dubai Distribution Hub","Dubai","Global","Sony Corporation","Turkey","Smart Home Appliance","4701","4021970.58"
"Mumbai Distribution Hub","Mumbai","Global","HP Inc. Global","United Kingdom","Smart Home Appliance","5189","4019090.36"
"Frankfurt Distribution Hub","Frankfurt","Global","NVIDIA Corporation","Indonesia","Electronics","4272","3990676.58"
"Sydney Distribution Hub","Sydney","Global","Western Digital","Global","Electronics","4532","3967099.15"
"Shenzhen Distribution Hub","Shenzhen","Global","N/A / Initial Seed","-","Electronics","6081","3943962.85"
"Toronto Distribution Hub","Toronto","Global","Microsoft Hardware Div.","Canada","Gaming Console & Accs","5451","3857084.71"
"Fukuoka Distribution Hub","Fukuoka","Global","LG Electronics","Global","Mobile Devices","5206","3831893.73"
"Berlin Distribution Hub","Berlin","Global","Quanta Computer","Global","Computing & Servers","6088","3803543.61"
"Marseille Distribution Hub","Marseille","Global","HP Inc. Global","United Kingdom","Electronics","5283","3785091.77"
"London Distribution Hub","London","Global","ASUSTeK Computer Inc.","France","Smart Home Appliance","3705","3775042.56"
"Singapore Central Distribution Hub","Singapore Central","Global","Microsoft Hardware Div.","Canada","Mobile Devices","3363","3759279.89"
"Frankfurt Distribution Hub","Frankfurt","Global","NVIDIA Corporation","Indonesia","Gaming Console & Accs","3983","3758401.48"
"Lyon Distribution Hub","Lyon","Global","Gigabyte Technology","United Kingdom","Electronics","3999","3754746.29"
"Hamburg Distribution Hub","Hamburg","Global","Toshiba Corporation","Global","Electronics","4240","3743189.17"
"Jakarta Distribution Hub","Jakarta","Indonesia","Wistron Corporation","Global","Gaming Console & Accs","6401","3730050.60"
"Seoul Distribution Hub","Seoul","Global","Corsair Gaming","South Korea","Smart Home Appliance","5407","3668374.97"
"Bandung Distribution Hub","Bandung","Indonesia","Quanta Computer","Global","Smart Home Appliance","4215","3667318.63"
"Munich Distribution Hub","Munich","Global","Compal Electronics","France","Gaming Console & Accs","4653","3633136.90"
"Hamburg Distribution Hub","Hamburg","Global","Toshiba Corporation","Global","Smart Home Appliance","4656","3632006.74"
"Delhi Distribution Hub","Delhi","Global","HP Inc. Global","United Kingdom","Electronics","3848","3609024.36"
"Birmingham Distribution Hub","Birmingham","Global","Gigabyte Technology","United Kingdom","Gaming Console & Accs","5937","3595514.10"
"Tokyo Distribution Hub","Tokyo","Global","Western Digital","Global","Smart Home Appliance","4780","3592543.86"
"Leeds Distribution Hub","Leeds","Global","Apple Inc. Global","France","Smart Home Appliance","4440","3582551.90"
"Medan Distribution Hub","Medan","Indonesia","AMD (Advanced Micro Devices)","Global","Gaming Console & Accs","5081","3572990.96"
"Vancouver Distribution Hub","Vancouver","Global","Foxconn Technology Group","Global","Smart Home Appliance","4895","3567055.57"
"Phoenix Distribution Hub","Phoenix","United States","Wistron Corporation","Global","Gaming Console & Accs","5690","3543367.46"
"Incheon Distribution Hub","Incheon","Global","Gigabyte Technology","United Kingdom","Gaming Console & Accs","6331","3518514.63"
"Houston Distribution Hub","Houston","United States","Kingston Technology","Global","Electronics","3723","3518138.26"
"Shanghai Distribution Hub","Shanghai","Global","Qualcomm Technologies","Canada","Gaming Console & Accs","3772","3509301.12"
"Beijing Distribution Hub","Beijing","Global","Compal Electronics","France","Smart Home Appliance","3776","3491952.43"
"Brasilia Distribution Hub","Brasilia","Global","N/A / Initial Seed","-","Smart Home Appliance","4860","3487116.66"
"Bangalore Distribution Hub","Bangalore","Global","AMD (Advanced Micro Devices)","Global","Smart Home Appliance","4190","3398026.99"
"Makassar Distribution Hub","Makassar","Indonesia","TSMC (Taiwan Semiconductor)","Indonesia","Electronics","4005","3371013.09"
"Delhi Distribution Hub","Delhi","Global","HP Inc. Global","United Kingdom","Smart Home Appliance","4194","3363816.71"
"Chicago Distribution Hub","Chicago","United States","Acer Inc. Global","Indonesia","Electronics","4543","3351608.59"
"Abu Dhabi Distribution Hub","Abu Dhabi","Global","Quanta Computer","Global","Electronics","4335","3339137.99"
"Phoenix Distribution Hub","Phoenix","United States","Wistron Corporation","Global","Mobile Devices","4945","3335274.62"
"Bangalore Distribution Hub","Bangalore","Global","AMD (Advanced Micro Devices)","Global","Mobile Devices","3737","3330435.14"
"Dubai Distribution Hub","Dubai","Global","Sony Corporation","Turkey","Electronics","4259","3323562.99"
"Busan Distribution Hub","Busan","Global","LG Electronics","Global","Smart Home Appliance","5060","3308666.31"
"Nagoya Distribution Hub","Nagoya","Global","Western Digital","Global","Smart Home Appliance","4339","3302865.39"
"Nagoya Distribution Hub","Nagoya","Global","Western Digital","Global","Electronics","2837","3286679.40"
"Houston Distribution Hub","Houston","United States","Kingston Technology","Global","Mobile Devices","7515","3273338.95"
"New York Distribution Hub","New York","United States","Western Digital","Global","Smart Home Appliance","4126","3216627.94"
"Mumbai Distribution Hub","Mumbai","Global","HP Inc. Global","United Kingdom","Gaming Console & Accs","3188","3205845.14"
"Amsterdam Distribution Hub","Amsterdam","Global","N/A / Initial Seed","-","Smart Home Appliance","4331","3191891.09"
"Amsterdam Distribution Hub","Amsterdam","Global","Lenovo Group Ltd.","Turkey","Smart Home Appliance","3471","3187490.38"
"Surabaya Distribution Hub","Surabaya","Indonesia","Logitech International","Global","Mobile Devices","4315","3171872.45"
"Abu Dhabi Distribution Hub","Abu Dhabi","Global","Quanta Computer","Global","Smart Home Appliance","4776","3091113.01"
"Shenzhen Distribution Hub","Shenzhen","Global","Toshiba Corporation","Global","Smart Home Appliance","4148","3085665.92"
"Los Angeles Distribution Hub","Los Angeles","United States","LG Electronics","Global","Smart Home Appliance","4215","3057788.54"
"Fukuoka Distribution Hub","Fukuoka","Global","LG Electronics","Global","Electronics","2963","3045377.89"
"Manchester Distribution Hub","Manchester","Global","Panasonic Corporation","Global","Smart Home Appliance","3602","2975747.62"
"Sao Paulo Distribution Hub","Sao Paulo","Global","Western Digital","Global","Electronics","4216","2958720.04"
"Jurong Distribution Hub","Jurong","Global","N/A / Initial Seed","-","Smart Home Appliance","3907","2940205.12"
"Toronto Distribution Hub","Toronto","Global","Microsoft Hardware Div.","Canada","Smart Home Appliance","4946","2869249.57"
"Medan Distribution Hub","Medan","Indonesia","AMD (Advanced Micro Devices)","Global","Electronics","3395","2831745.08"
"Sao Paulo Distribution Hub","Sao Paulo","Global","Western Digital","Global","Smart Home Appliance","3721","2791975.13"
"Bangalore Distribution Hub","Bangalore","Global","AMD (Advanced Micro Devices)","Global","Electronics","3595","2770804.48"
"Guangzhou Distribution Hub","Guangzhou","Global","Apple Inc. Global","France","Gaming Console & Accs","4315","2754493.25"
"Medan Distribution Hub","Medan","Indonesia","AMD (Advanced Micro Devices)","Global","Smart Home Appliance","3014","2633324.37"
"Surabaya Distribution Hub","Surabaya","Indonesia","Logitech International","Global","Smart Home Appliance","4545","2563004.29"
"Berlin Distribution Hub","Berlin","Global","Quanta Computer","Global","Smart Home Appliance","4248","2553253.94"
"Shenzhen Distribution Hub","Shenzhen","Global","Pegatron Corporation","Global","Electronics","2158","2480591.49"
"Frankfurt Distribution Hub","Frankfurt","Global","NVIDIA Corporation","Indonesia","Smart Home Appliance","3345","2448974.23"
"Birmingham Distribution Hub","Birmingham","Global","Gigabyte Technology","United Kingdom","Mobile Devices","3687","2335302.69"
"Singapore Central Distribution Hub","Singapore Central","Global","Microsoft Hardware Div.","Canada","Electronics","2289","2334356.73"
"Brisbane Distribution Hub","Brisbane","Global","MSI (Micro-Star International)","South Korea","Gaming Console & Accs","3172","2286917.84"
"Brisbane Distribution Hub","Brisbane","Global","Lenovo Group Ltd.","Turkey","Electronics","2042","2286533.39"
"Paris Distribution Hub","Paris","Global","Lenovo Group Ltd.","Turkey","Mobile Devices","3512","2285204.56"
"Beijing Distribution Hub","Beijing","Global","Compal Electronics","France","Electronics","3420","2256702.81"
"Rio de Janeiro Distribution Hub","Rio de Janeiro","Global","Western Digital","Global","Smart Home Appliance","2812","2185991.28"
"Guangzhou Distribution Hub","Guangzhou","Global","Apple Inc. Global","France","Electronics","1905","2168370.30"
"Rio de Janeiro Distribution Hub","Rio de Janeiro","Global","Western Digital","Global","Electronics","1823","2167930.33"
"Sydney Distribution Hub","Sydney","Global","HP Inc. Global","United Kingdom","Electronics","1659","2155724.28"
"Melbourne Distribution Hub","Melbourne","Global","Quanta Computer","Global","Smart Home Appliance","2702","2034657.68"
"Singapore Central Distribution Hub","Singapore Central","Global","Gigabyte Technology","United Kingdom","Mobile Devices","2438","1987549.18"
"Jakarta Distribution Hub","Jakarta","Indonesia","Wistron Corporation","Global","Smart Home Appliance","1747","1979241.16"
"Singapore Central Distribution Hub","Singapore Central","Global","Quanta Computer","Global","Electronics","1537","1968765.71"
"Leeds Distribution Hub","Leeds","Global","Apple Inc. Global","France","Electronics","1802","1966147.00"
"Melbourne Distribution Hub","Melbourne","Global","Quanta Computer","Global","Electronics","3101","1887428.00"
"Houston Distribution Hub","Houston","United States","Kingston Technology","Global","Smart Home Appliance","2961","1869463.42"
"London Distribution Hub","London","Global","ASUSTeK Computer Inc.","France","Electronics","2249","1819660.35"
"Makassar Distribution Hub","Makassar","Indonesia","TSMC (Taiwan Semiconductor)","Indonesia","Smart Home Appliance","2522","1818322.89"
"Singapore Central Distribution Hub","Singapore Central","Global","Microsoft Hardware Div.","Canada","Smart Home Appliance","2221","1779296.61"
"Busan Distribution Hub","Busan","Global","Sony Corporation","Turkey","Electronics","1431","1747982.04"
"Sydney Distribution Hub","Sydney","Global","Kingston Technology","Global","Mobile Devices","1775","1733545.07"
"Shanghai Distribution Hub","Shanghai","Global","Qualcomm Technologies","Canada","Electronics","2580","1730207.00"
"Amsterdam Distribution Hub","Amsterdam","Global","Quanta Computer","Global","Computing & Servers","1600","1712755.76"
"Toronto Distribution Hub","Toronto","Global","Lenovo Group Ltd.","Turkey","Mobile Devices","1842","1647620.30"
"Sydney Distribution Hub","Sydney","Global","Western Digital","Global","Smart Home Appliance","3237","1631529.72"
"Leeds Distribution Hub","Leeds","Global","Wistron Corporation","Global","Mobile Devices","1282","1626593.84"
"Marseille Distribution Hub","Marseille","Global","Gigabyte Technology","United Kingdom","Mobile Devices","1340","1624997.40"
"Abu Dhabi Distribution Hub","Abu Dhabi","Global","Wistron Corporation","Global","Smart Home Appliance","1398","1528955.58"
"Amsterdam Distribution Hub","Amsterdam","Global","MSI (Micro-Star International)","South Korea","Smart Home Appliance","1398","1492362.58"
"Brasilia Distribution Hub","Brasilia","Global","Wistron Corporation","Global","Mobile Devices","1562","1488644.36"
"Marseille Distribution Hub","Marseille","Global","MSI (Micro-Star International)","South Korea","Mobile Devices","1149","1462214.10"
"Mumbai Distribution Hub","Mumbai","Global","Microsoft Hardware Div.","Canada","Computing & Servers","966","1436393.70"
"Marseille Distribution Hub","Marseille","Global","Panasonic Corporation","Global","Mobile Devices","1773","1417636.23"
"Paris Distribution Hub","Paris","Global","Lenovo Group Ltd.","Turkey","Smart Home Appliance","1936","1392969.76"
"Nagoya Distribution Hub","Nagoya","Global","ASUSTeK Computer Inc.","France","Smart Home Appliance","1404","1369805.06"
"Sydney Distribution Hub","Sydney","Global","LG Electronics","Global","Gaming Console & Accs","1637","1352858.45"
"Medan Distribution Hub","Medan","Indonesia","Qualcomm Technologies","Canada","Gaming Console & Accs","1332","1351561.44"
"Vancouver Distribution Hub","Vancouver","Global","ASUSTeK Computer Inc.","France","Mobile Devices","1307","1342020.55"
"Amsterdam Distribution Hub","Amsterdam","Global","MSI (Micro-Star International)","South Korea","Electronics","1247","1339401.32"
"Abu Dhabi Distribution Hub","Abu Dhabi","Global","Compal Electronics","France","Electronics","1319","1302474.16"
"Seoul Distribution Hub","Seoul","Global","Compal Electronics","France","Smart Home Appliance","1136","1302236.01"
"Abu Dhabi Distribution Hub","Abu Dhabi","Global","Kingston Technology","Global","Mobile Devices","1958","1296033.64"
"Shenzhen Distribution Hub","Shenzhen","Global","Foxconn Technology Group","Global","Computing & Servers","1657","1295293.45"
"Dubai Distribution Hub","Dubai","Global","MSI (Micro-Star International)","South Korea","Gaming Console & Accs","1425","1283250.75"
"Houston Distribution Hub","Houston","United States","Toshiba Corporation","Global","Gaming Console & Accs","909","1283008.05"
"Jurong Distribution Hub","Jurong","Global","Western Digital","Global","Smart Home Appliance","2131","1278473.02"
"Phoenix Distribution Hub","Phoenix","United States","NVIDIA Corporation","Indonesia","Gaming Console & Accs","936","1273428.00"
"Dubai Distribution Hub","Dubai","Global","TSMC (Taiwan Semiconductor)","Indonesia","Computing & Servers","840","1241704.80"
"Berlin Distribution Hub","Berlin","Global","Panasonic Corporation","Global","Gaming Console & Accs","899","1238282.60"
"Incheon Distribution Hub","Incheon","Global","Dell Technologies Inc.","France","Mobile Devices","1073","1221611.85"
"Seoul Distribution Hub","Seoul","Global","NVIDIA Corporation","Indonesia","Electronics","891","1220919.48"
"Seoul Distribution Hub","Seoul","Global","HP Inc. Global","United Kingdom","Smart Home Appliance","872","1217608.48"
"Medan Distribution Hub","Medan","Indonesia","Apple Inc. Global","France","Smart Home Appliance","869","1213419.46"
"Marseille Distribution Hub","Marseille","Global","Kingston Technology","Global","Mobile Devices","1089","1200901.11"
"Berlin Distribution Hub","Berlin","Global","Sony Corporation","Turkey","Mobile Devices","853","1196085.13"
"New York Distribution Hub","New York","United States","Samsung Electronics","Global","Electronics","863","1182551.64"
"Birmingham Distribution Hub","Birmingham","Global","NVIDIA Corporation","Indonesia","Smart Home Appliance","867","1176683.73"
"Lyon Distribution Hub","Lyon","Global","Apple Inc. Global","France","Gaming Console & Accs","1081","1168640.89"
"Tokyo Distribution Hub","Tokyo","Global","Intel Corporation Global","Global","Electronics","851","1166108.28"
"Jurong Distribution Hub","Jurong","Global","HP Inc. Global","United Kingdom","Gaming Console & Accs","1380","1163319.16"
"Fukuoka Distribution Hub","Fukuoka","Global","Toshiba Corporation","Global","Mobile Devices","1348","1160976.70"
"Brasilia Distribution Hub","Brasilia","Global","Microsoft Hardware Div.","Canada","Electronics","785","1158440.20"
"Busan Distribution Hub","Busan","Global","Wistron Corporation","Global","Gaming Console & Accs","1327","1153184.14"
"Shanghai Distribution Hub","Shanghai","Global","Apple Inc. Global","France","Electronics","834","1142813.52"
"Amsterdam Distribution Hub","Amsterdam","Global","Apple Inc. Global","France","Mobile Devices","1630","1141926.97"
"Makassar Distribution Hub","Makassar","Indonesia","Intel Corporation Global","Global","Electronics","832","1140072.96"
"Hamburg Distribution Hub","Hamburg","Global","HP Inc. Global","United Kingdom","Electronics","828","1134591.84"
"Montreal Distribution Hub","Montreal","Global","AMD (Advanced Micro Devices)","Global","Smart Home Appliance","880","1130254.40"
"Abu Dhabi Distribution Hub","Abu Dhabi","Global","Panasonic Corporation","Global","Electronics","1111","1114428.77"
"Jakarta Distribution Hub","Jakarta","Indonesia","TSMC (Taiwan Semiconductor)","Indonesia","Electronics","755","1114168.60"
"Jurong Distribution Hub","Jurong","Global","Lenovo Group Ltd.","Turkey","Smart Home Appliance","837","1113218.37"
"Shenzhen Distribution Hub","Shenzhen","Global","Foxconn Technology Group","Global","Mobile Devices","1039","1103567.51"
"Houston Distribution Hub","Houston","United States","AMD (Advanced Micro Devices)","Global","Mobile Devices","853","1101982.17"
"Chicago Distribution Hub","Chicago","United States","Wistron Corporation","Global","Mobile Devices","838","1101743.74"
"Marseille Distribution Hub","Marseille","Global","Panasonic Corporation","Global","Electronics","745","1099411.40"
"Bangalore Distribution Hub","Bangalore","Global","Corsair Gaming","South Korea","Mobile Devices","832","1093855.36"
"Frankfurt Distribution Hub","Frankfurt","Global","Lenovo Group Ltd.","Turkey","Mobile Devices","858","1090620.96"
"Berlin Distribution Hub","Berlin","Global","Microsoft Hardware Div.","Canada","Mobile Devices","742","1089923.80"
"Paris Distribution Hub","Paris","Global","Samsung Electronics","Global","Electronics","1083","1089115.59"
"Amsterdam Distribution Hub","Amsterdam","Global","Apple Inc. Global","France","Gaming Console & Accs","1599","1084856.25"
"London Distribution Hub","London","Global","Wistron Corporation","Global","Computing & Servers","1136","1084806.00"
"Munich Distribution Hub","Munich","Global","Toshiba Corporation","Global","Smart Home Appliance","816","1079298.72"
"Seoul Distribution Hub","Seoul","Global","Acer Inc. Global","Indonesia","Gaming Console & Accs","1477","1078939.68"
"Busan Distribution Hub","Busan","Global","Lenovo Group Ltd.","Turkey","Mobile Devices","1720","1078612.64"
"Singapore Central Distribution Hub","Singapore Central","Global","AMD (Advanced Micro Devices)","Global","Electronics","785","1075669.80"
"Vancouver Distribution Hub","Vancouver","Global","ASUSTeK Computer Inc.","France","Smart Home Appliance","812","1074008.04"
"Abu Dhabi Distribution Hub","Abu Dhabi","Global","Panasonic Corporation","Global","Mobile Devices","1607","1071212.43"
"Birmingham Distribution Hub","Birmingham","Global","Corsair Gaming","South Korea","Computing & Servers","878","1070413.70"
"Sydney Distribution Hub","Sydney","Global","ASUSTeK Computer Inc.","France","Gaming Console & Accs","890","1069343.90"
"Amsterdam Distribution Hub","Amsterdam","Global","Samsung Electronics","Global","Smart Home Appliance","763","1065407.42"
"Houston Distribution Hub","Houston","United States","Qualcomm Technologies","Canada","Smart Home Appliance","978","1063819.50"
"Dubai Distribution Hub","Dubai","Global","Kingston Technology","Global","Mobile Devices","1185","1062664.11"
"Berlin Distribution Hub","Berlin","Global","Kingston Technology","Global","Mobile Devices","1257","1061115.30"
"Montreal Distribution Hub","Montreal","Global","Microsoft Hardware Div.","Canada","Mobile Devices","1004","1059944.46"
"Amsterdam Distribution Hub","Amsterdam","Global","NVIDIA Corporation","Indonesia","Smart Home Appliance","1047","1057259.37"
"Sao Paulo Distribution Hub","Sao Paulo","Global","Acer Inc. Global","Indonesia","Smart Home Appliance","756","1055633.04"
"Surabaya Distribution Hub","Surabaya","Indonesia","ASUSTeK Computer Inc.","France","Mobile Devices","802","1054413.46"
"Amsterdam Distribution Hub","Amsterdam","Global","Foxconn Technology Group","Global","Gaming Console & Accs","1489","1050179.67"
"Manchester Distribution Hub","Manchester","Global","Intel Corporation Global","Global","Mobile Devices","848","1049951.20"
"Bandung Distribution Hub","Bandung","Indonesia","ASUSTeK Computer Inc.","France","Electronics","763","1045523.64"
"Sao Paulo Distribution Hub","Sao Paulo","Global","Razer Inc. Global","Canada","Smart Home Appliance","855","1038209.40"
"Bandung Distribution Hub","Bandung","Indonesia","HP Inc. Global","United Kingdom","Mobile Devices","838","1037569.70"
"Paris Distribution Hub","Paris","Global","Samsung Electronics","Global","Smart Home Appliance","807","1036494.66"
"Brasilia Distribution Hub","Brasilia","Global","AMD (Advanced Micro Devices)","Global","Gaming Console & Accs","1547","1035366.92"
"Guangzhou Distribution Hub","Guangzhou","Global","Kingston Technology","Global","Gaming Console & Accs","733","1034592.85"
"Munich Distribution Hub","Munich","Global","Panasonic Corporation","Global","Gaming Console & Accs","860","1033298.60"
"Brisbane Distribution Hub","Brisbane","Global","Pegatron Corporation","Global","Gaming Console & Accs","751","1032820.26"
"Berlin Distribution Hub","Berlin","Global","Razer Inc. Global","Canada","Computing & Servers","698","1031797.56"
"Bangalore Distribution Hub","Bangalore","Global","Sony Corporation","Turkey","Smart Home Appliance","798","1024935.24"
"Singapore Central Distribution Hub","Singapore Central","Global","Acer Inc. Global","Indonesia","Smart Home Appliance","731","1020724.54"
"Shenzhen Distribution Hub","Shenzhen","Global","Acer Inc. Global","Indonesia","Electronics","739","1020721.58"
"Bangalore Distribution Hub","Bangalore","Global","Samsung Electronics","Global","Smart Home Appliance","938","1020309.50"
"Guangzhou Distribution Hub","Guangzhou","Global","Acer Inc. Global","Indonesia","Smart Home Appliance","794","1018003.28"
"Manchester Distribution Hub","Manchester","Global","HP Inc. Global","United Kingdom","Smart Home Appliance","728","1016535.52"
"Toronto Distribution Hub","Toronto","Global","Dell Technologies Inc.","France","Smart Home Appliance","749","1016535.31"
"Leeds Distribution Hub","Leeds","Global","Panasonic Corporation","Global","Electronics","740","1014007.20"
"Delhi Distribution Hub","Delhi","Global","Sony Corporation","Turkey","Mobile Devices","771","1013656.83"
"Hamburg Distribution Hub","Hamburg","Global","Panasonic Corporation","Global","Smart Home Appliance","746","1012463.74"
"Brasilia Distribution Hub","Brasilia","Global","Seagate Technology","Global","Mobile Devices","927","1012401.03"
"Lyon Distribution Hub","Lyon","Global","Samsung Electronics","Global","Smart Home Appliance","784","1006953.92"
"Makassar Distribution Hub","Makassar","Indonesia","MSI (Micro-Star International)","South Korea","Gaming Console & Accs","731","1005315.06"
"Rio de Janeiro Distribution Hub","Rio de Janeiro","Global","Qualcomm Technologies","Canada","Computing & Servers","824","1004579.60"
"Melbourne Distribution Hub","Melbourne","Global","Qualcomm Technologies","Canada","Mobile Devices","941","1003077.77"
"London Distribution Hub","London","Global","NVIDIA Corporation","Indonesia","Mobile Devices","1149","1002875.47"
"Jakarta Distribution Hub","Jakarta","Indonesia","Gigabyte Technology","United Kingdom","Computing & Servers","802","1002235.34"
"Leeds Distribution Hub","Leeds","Global","AMD (Advanced Micro Devices)","Global","Smart Home Appliance","904","999263.52"
"Birmingham Distribution Hub","Birmingham","Global","Toshiba Corporation","Global","Smart Home Appliance","820","995709.60"
"Busan Distribution Hub","Busan","Global","Microsoft Hardware Div.","Canada","Mobile Devices","802","992996.30"
"Mumbai Distribution Hub","Mumbai","Global","Razer Inc. Global","Canada","Smart Home Appliance","730","990748.70"
"Surabaya Distribution Hub","Surabaya","Indonesia","AMD (Advanced Micro Devices)","Global","Electronics","890","989608.80"
"Vancouver Distribution Hub","Vancouver","Global","ASUSTeK Computer Inc.","France","Computing & Servers","2283","988371.81"
"New York Distribution Hub","New York","United States","Pegatron Corporation","Global","Gaming Console & Accs","886","986623.02"
"Busan Distribution Hub","Busan","Global","Razer Inc. Global","Canada","Gaming Console & Accs","678","986544.24"
"Houston Distribution Hub","Houston","United States","Panasonic Corporation","Global","Mobile Devices","702","984351.42"
"Incheon Distribution Hub","Incheon","Global","Apple Inc. Global","France","Gaming Console & Accs","1697","982840.39"
"Houston Distribution Hub","Houston","United States","HP Inc. Global","United Kingdom","Gaming Console & Accs","876","975487.32"
"Los Angeles Distribution Hub","Los Angeles","United States","Wistron Corporation","Global","Mobile Devices","936","972241.92"
"Nagoya Distribution Hub","Nagoya","Global","NVIDIA Corporation","Indonesia","Mobile Devices","872","971146.40"
"Shanghai Distribution Hub","Shanghai","Global","Panasonic Corporation","Global","Mobile Devices","783","969471.45"
"Rio de Janeiro Distribution Hub","Rio de Janeiro","Global","Acer Inc. Global","Indonesia","Smart Home Appliance","876","968312.88"
"Amsterdam Distribution Hub","Amsterdam","Global","HP Inc. Global","United Kingdom","Mobile Devices","1129","967309.69"
"Singapore Central Distribution Hub","Singapore Central","Global","Compal Electronics","France","Smart Home Appliance","712","966319.28"
"Montreal Distribution Hub","Montreal","Global","Kingston Technology","Global","Gaming Console & Accs","814","965460.98"
"Birmingham Distribution Hub","Birmingham","Global","AMD (Advanced Micro Devices)","Global","Gaming Console & Accs","813","964274.91"
"Birmingham Distribution Hub","Birmingham","Global","HP Inc. Global","United Kingdom","Smart Home Appliance","750","963285.00"
"Frankfurt Distribution Hub","Frankfurt","Global","Panasonic Corporation","Global","Gaming Console & Accs","812","963088.84"
"New York Distribution Hub","New York","United States","LG Electronics","Global","Mobile Devices","927","962893.44"
"Leeds Distribution Hub","Leeds","Global","NVIDIA Corporation","Indonesia","Smart Home Appliance","709","962247.71"
"Hyderabad Distribution Hub","Hyderabad","Global","Microsoft Hardware Div.","Canada","Computing & Servers","1396","959176.88"
"Hamburg Distribution Hub","Hamburg","Global","LG Electronics","Global","Mobile Devices","683","957709.43"
"Birmingham Distribution Hub","Birmingham","Global","TSMC (Taiwan Semiconductor)","Indonesia","Smart Home Appliance","902","957599.28"
"Lyon Distribution Hub","Lyon","Global","Pegatron Corporation","Global","Computing & Servers","784","955813.60"
"New York Distribution Hub","New York","United States","Toshiba Corporation","Global","Smart Home Appliance","704","955461.76"
"Marseille Distribution Hub","Marseille","Global","Gigabyte Technology","United Kingdom","Computing & Servers","1405","950649.66"
"Vancouver Distribution Hub","Vancouver","Global","Kingston Technology","Global","Gaming Console & Accs","672","948494.40"
"Rio de Janeiro Distribution Hub","Rio de Janeiro","Global","Intel Corporation Global","Global","Mobile Devices","913","948351.36"
"Guangzhou Distribution Hub","Guangzhou","Global","Sony Corporation","Turkey","Computing & Servers","639","944582.58"
"Fukuoka Distribution Hub","Fukuoka","Global","Dell Technologies Inc.","France","Electronics","844","938460.48"
"Marseille Distribution Hub","Marseille","Global","Wistron Corporation","Global","Gaming Console & Accs","781","938379.31"
"Bangalore Distribution Hub","Bangalore","Global","Quanta Computer","Global","Smart Home Appliance","690","936461.10"
"London Distribution Hub","London","Global","Sony Corporation","Turkey","Mobile Devices","878","935921.66"
"Abu Dhabi Distribution Hub","Abu Dhabi","Global","Kingston Technology","Global","Smart Home Appliance","683","926960.77"
"Incheon Distribution Hub","Incheon","Global","Razer Inc. Global","Canada","Electronics","833","926229.36"
"Makassar Distribution Hub","Makassar","Indonesia","Dell Technologies Inc.","France","Electronics","831","924005.52"
"Vancouver Distribution Hub","Vancouver","Global","Sony Corporation","Turkey","Electronics","864","923935.68"
"Tokyo Distribution Hub","Tokyo","Global","Quanta Computer","Global","Mobile Devices","658","922654.18"
"Montreal Distribution Hub","Montreal","Global","Panasonic Corporation","Global","Smart Home Appliance","659","920188.06"
"Abu Dhabi Distribution Hub","Abu Dhabi","Global","Apple Inc. Global","France","Computing & Servers","716","919372.64"
"Busan Distribution Hub","Busan","Global","Kingston Technology","Global","Computing & Servers","754","919239.10"
"Beijing Distribution Hub","Beijing","Global","Gigabyte Technology","United Kingdom","Electronics","652","917839.96"
"Jurong Distribution Hub","Jurong","Global","Intel Corporation Global","Global","Electronics","992","916360.40"
"Rio de Janeiro Distribution Hub","Rio de Janeiro","Global","HP Inc. Global","United Kingdom","Electronics","620","914946.40"
"Montreal Distribution Hub","Montreal","Global","Toshiba Corporation","Global","Mobile Devices","880","914073.60"
"Toronto Distribution Hub","Toronto","Global","Seagate Technology","Global","Computing & Servers","1701","913800.67"
"Guangzhou Distribution Hub","Guangzhou","Global","Sony Corporation","Turkey","Mobile Devices","1247","912980.86"
"Shanghai Distribution Hub","Shanghai","Global","HP Inc. Global","United Kingdom","Mobile Devices","854","910338.38"
"Toronto Distribution Hub","Toronto","Global","Apple Inc. Global","France","Electronics","813","903990.96"
"Dubai Distribution Hub","Dubai","Global","Corsair Gaming","South Korea","Smart Home Appliance","647","903431.98"
"Marseille Distribution Hub","Marseille","Global","Quanta Computer","Global","Electronics","658","901644.24"
"Incheon Distribution Hub","Incheon","Global","Kingston Technology","Global","Electronics","837","895062.69"
"Marseille Distribution Hub","Marseille","Global","Logitech International","Global","Mobile Devices","838","893282.86"
"Leeds Distribution Hub","Leeds","Global","Western Digital","Global","Mobile Devices","802","893187.40"
"Marseille Distribution Hub","Marseille","Global","Kingston Technology","Global","Smart Home Appliance","657","891673.83"
"Nagoya Distribution Hub","Nagoya","Global","Gigabyte Technology","United Kingdom","Computing & Servers","626","891555.46"
"Singapore Central Distribution Hub","Singapore Central","Global","NVIDIA Corporation","Indonesia","Electronics","645","890886.90"
"Phoenix Distribution Hub","Phoenix","United States","Quanta Computer","Global","Mobile Devices","798","888732.60"
"Sao Paulo Distribution Hub","Sao Paulo","Global","Pegatron Corporation","Global","Mobile Devices","1279","888540.41"
"Bangalore Distribution Hub","Bangalore","Global","LG Electronics","Global","Electronics","601","886907.72"
"Frankfurt Distribution Hub","Frankfurt","Global","Logitech International","Global","Smart Home Appliance","729","885210.12"
"Munich Distribution Hub","Munich","Global","AMD (Advanced Micro Devices)","Global","Gaming Console & Accs","775","883383.75"
"Rio de Janeiro Distribution Hub","Rio de Janeiro","Global","Toshiba Corporation","Global","Computing & Servers","868","879796.12"
"Lyon Distribution Hub","Lyon","Global","NVIDIA Corporation","Indonesia","Computing & Servers","617","878737.57"
"Los Angeles Distribution Hub","Los Angeles","United States","Qualcomm Technologies","Canada","Electronics","940","876550.00"
"Vancouver Distribution Hub","Vancouver","Global","Panasonic Corporation","Global","Mobile Devices","847","875094.99"
"New York Distribution Hub","New York","United States","Pegatron Corporation","Global","Computing & Servers","591","873628.02"
"Brasilia Distribution Hub","Brasilia","Global","Samsung Electronics","Global","Mobile Devices","1513","873490.35"
"Brasilia Distribution Hub","Brasilia","Global","Intel Corporation Global","Global","Smart Home Appliance","641","869958.79"
"Seoul Distribution Hub","Seoul","Global","Toshiba Corporation","Global","Smart Home Appliance","640","868601.60"
"Jurong Distribution Hub","Jurong","Global","MSI (Micro-Star International)","South Korea","Gaming Console & Accs","614","866630.30"
"Surabaya Distribution Hub","Surabaya","Indonesia","Apple Inc. Global","France","Gaming Console & Accs","760","866286.00"
"Jakarta Distribution Hub","Jakarta","Indonesia","Microsoft Hardware Div.","Canada","Electronics","631","864646.68"
"Hyderabad Distribution Hub","Hyderabad","Global","Apple Inc. Global","France","Mobile Devices","888","860285.52"
"Melbourne Distribution Hub","Melbourne","Global","Apple Inc. Global","France","Electronics","922","859765.00"
"Manchester Distribution Hub","Manchester","Global","TSMC (Taiwan Semiconductor)","Indonesia","Computing & Servers","845","856483.55"
"Sao Paulo Distribution Hub","Sao Paulo","Global","Microsoft Hardware Div.","Canada","Electronics","649","855751.93"
"Jurong Distribution Hub","Jurong","Global","AMD (Advanced Micro Devices)","Global","Electronics","649","855751.93"
"Singapore Central Distribution Hub","Singapore Central","Global","Lenovo Group Ltd.","Turkey","Computing & Servers","578","854411.16"
"Amsterdam Distribution Hub","Amsterdam","Global","Compal Electronics","France","Mobile Devices","1159","850977.08"
"Toronto Distribution Hub","Toronto","Global","Quanta Computer","Global","Mobile Devices","684","846894.60"
"Melbourne Distribution Hub","Melbourne","Global","ASUSTeK Computer Inc.","France","Gaming Console & Accs","600","846870.00"
"Mumbai Distribution Hub","Mumbai","Global","Quanta Computer","Global","Gaming Console & Accs","582","846856.56"
"Dubai Distribution Hub","Dubai","Global","Quanta Computer","Global","Electronics","584","845100.56"
"Shanghai Distribution Hub","Shanghai","Global","Sony Corporation","Turkey","Mobile Devices","1015","844504.81"
"Paris Distribution Hub","Paris","Global","Compal Electronics","France","Mobile Devices","758","844184.60"
"Marseille Distribution Hub","Marseille","Global","MSI (Micro-Star International)","South Korea","Computing & Servers","571","844063.62"
"Sydney Distribution Hub","Sydney","Global","Quanta Computer","Global","Computing & Servers","1364","842861.72"
"Abu Dhabi Distribution Hub","Abu Dhabi","Global","Corsair Gaming","South Korea","Electronics","571","842636.12"
"Jurong Distribution Hub","Jurong","Global","Gigabyte Technology","United Kingdom","Mobile Devices","890","838976.30"
"Sao Paulo Distribution Hub","Sao Paulo","Global","Dell Technologies Inc.","France","Computing & Servers","822","833170.98"
"London Distribution Hub","London","Global","Apple Inc. Global","France","Electronics","749","832828.08"
"Amsterdam Distribution Hub","Amsterdam","Global","AMD (Advanced Micro Devices)","Global","Smart Home Appliance","1181","831970.44"
"Nagoya Distribution Hub","Nagoya","Global","AMD (Advanced Micro Devices)","Global","Computing & Servers","562","830759.64"
"Sao Paulo Distribution Hub","Sao Paulo","Global","Pegatron Corporation","Global","Smart Home Appliance","1033","829322.52"
"Jurong Distribution Hub","Jurong","Global","Microsoft Hardware Div.","Canada","Computing & Servers","1505","828628.79"
"Delhi Distribution Hub","Delhi","Global","TSMC (Taiwan Semiconductor)","Indonesia","Electronics","744","827268.48"
"Hamburg Distribution Hub","Hamburg","Global","Quanta Computer","Global","Gaming Console & Accs","608","827184.00"
"Los Angeles Distribution Hub","Los Angeles","United States","Microsoft Hardware Div.","Canada","Gaming Console & Accs","740","824041.80"
"Munich Distribution Hub","Munich","Global","MSI (Micro-Star International)","South Korea","Electronics","599","820797.72"
"Fukuoka Distribution Hub","Fukuoka","Global","Intel Corporation Global","Global","Gaming Console & Accs","888","818886.96"
"Paris Distribution Hub","Paris","Global","Gigabyte Technology","United Kingdom","Mobile Devices","869","818241.71"
"Fukuoka Distribution Hub","Fukuoka","Global","Sony Corporation","Turkey","Mobile Devices","865","817606.65"
"Seoul Distribution Hub","Seoul","Global","Sony Corporation","Turkey","Mobile Devices","660","817179.00"
"Jakarta Distribution Hub","Jakarta","Indonesia","Lenovo Group Ltd.","Turkey","Electronics","651","816894.33"
"Beijing Distribution Hub","Beijing","Global","TSMC (Taiwan Semiconductor)","Indonesia","Gaming Console & Accs","710","809293.50"
"Vancouver Distribution Hub","Vancouver","Global","Sony Corporation","Turkey","Gaming Console & Accs","784","804681.92"
"Hyderabad Distribution Hub","Hyderabad","Global","TSMC (Taiwan Semiconductor)","Indonesia","Mobile Devices","722","804091.40"
"Chicago Distribution Hub","Chicago","United States","Toshiba Corporation","Global","Smart Home Appliance","808","803564.08"
"Melbourne Distribution Hub","Melbourne","Global","AMD (Advanced Micro Devices)","Global","Electronics","586","802984.08"
"Sao Paulo Distribution Hub","Sao Paulo","Global","Sony Corporation","Turkey","Computing & Servers","908","800701.64"
"Hamburg Distribution Hub","Hamburg","Global","Western Digital","Global","Gaming Console & Accs","675","800597.25"
"Montreal Distribution Hub","Montreal","Global","Razer Inc. Global","Canada","Mobile Devices","718","799636.60"
"Jurong Distribution Hub","Jurong","Global","Western Digital","Global","Gaming Console & Accs","858","791221.86"
"Munich Distribution Hub","Munich","Global","Logitech International","Global","Electronics","600","791142.00"
"Makassar Distribution Hub","Makassar","Indonesia","Intel Corporation Global","Global","Mobile Devices","816","790532.64"
"Vancouver Distribution Hub","Vancouver","Global","Gigabyte Technology","United Kingdom","Smart Home Appliance","651","790496.28"
"Montreal Distribution Hub","Montreal","Global","Dell Technologies Inc.","France","Electronics","739","790264.43"
"London Distribution Hub","London","Global","Samsung Electronics","Global","Mobile Devices","638","789939.70"
"London Distribution Hub","London","Global","AMD (Advanced Micro Devices)","Global","Computing & Servers","554","789012.34"
"Singapore Central Distribution Hub","Singapore Central","Global","HP Inc. Global","United Kingdom","Smart Home Appliance","725","788618.75"
"Amsterdam Distribution Hub","Amsterdam","Global","Dell Technologies Inc.","France","Electronics","1546","787848.06"
"Los Angeles Distribution Hub","Los Angeles","United States","Gigabyte Technology","United Kingdom","Smart Home Appliance","792","787651.92"
"Chicago Distribution Hub","Chicago","United States","NVIDIA Corporation","Indonesia","Mobile Devices","832","786414.72"
"Vancouver Distribution Hub","Vancouver","Global","Lenovo Group Ltd.","Turkey","Gaming Console & Accs","689","785356.65"
"Leeds Distribution Hub","Leeds","Global","Compal Electronics","France","Mobile Devices","1348","782490.58"
"Lyon Distribution Hub","Lyon","Global","Microsoft Hardware Div.","Canada","Smart Home Appliance","575","780384.25"
"Amsterdam Distribution Hub","Amsterdam","Global","Panasonic Corporation","Global","Mobile Devices","824","778853.04"
"Shenzhen Distribution Hub","Shenzhen","Global","Pegatron Corporation","Global","Mobile Devices","824","778853.04"
"Berlin Distribution Hub","Berlin","Global","ASUSTeK Computer Inc.","France","Computing & Servers","546","777618.66"
"Singapore Central Distribution Hub","Singapore Central","Global","Sony Corporation","Turkey","Gaming Console & Accs","574","775244.40"
"Lyon Distribution Hub","Lyon","Global","Intel Corporation Global","Global","Computing & Servers","620","774795.40"
"Bandung Distribution Hub","Bandung","Indonesia","Dell Technologies Inc.","France","Gaming Console & Accs","952","771319.92"
"Vancouver Distribution Hub","Vancouver","Global","Gigabyte Technology","United Kingdom","Mobile Devices","1268","770963.27"
"London Distribution Hub","London","Global","NVIDIA Corporation","Indonesia","Gaming Console & Accs","546","770651.70"
"Jakarta Distribution Hub","Jakarta","Indonesia","AMD (Advanced Micro Devices)","Global","Electronics","692","769448.64"
"Houston Distribution Hub","Houston","United States","Apple Inc. Global","France","Smart Home Appliance","672","767491.20"
"Busan Distribution Hub","Busan","Global","Lenovo Group Ltd.","Turkey","Gaming Console & Accs","558","767395.08"
"Marseille Distribution Hub","Marseille","Global","Seagate Technology","Global","Smart Home Appliance","549","766590.66"
"Shanghai Distribution Hub","Shanghai","Global","Acer Inc. Global","Indonesia","Mobile Devices","521","765296.90"
"Leeds Distribution Hub","Leeds","Global","Microsoft Hardware Div.","Canada","Mobile Devices","717","764300.49"
"Jurong Distribution Hub","Jurong","Global","Corsair Gaming","South Korea","Gaming Console & Accs","800","762816.00"
"Amsterdam Distribution Hub","Amsterdam","Global","HP Inc. Global","United Kingdom","Computing & Servers","1055","761802.69"
"Toronto Distribution Hub","Toronto","Global","Intel Corporation Global","Global","Mobile Devices","732","760343.04"
"Dubai Distribution Hub","Dubai","Global","Foxconn Technology Group","Global","Electronics","553","757764.84"
"Jurong Distribution Hub","Jurong","Global","HP Inc. Global","United Kingdom","Computing & Servers","605","756050.35"
"Guangzhou Distribution Hub","Guangzhou","Global","Compal Electronics","France","Gaming Console & Accs","555","755077.50"
"Dubai Distribution Hub","Dubai","Global","Intel Corporation Global","Global","Smart Home Appliance","829","753710.22"
"Manchester Distribution Hub","Manchester","Global","Microsoft Hardware Div.","Canada","Electronics","510","752617.20"
"Los Angeles Distribution Hub","Los Angeles","United States","Kingston Technology","Global","Electronics","510","752617.20"
"Shenzhen Distribution Hub","Shenzhen","Global","Sony Corporation","Turkey","Electronics","675","750546.00"
"Sao Paulo Distribution Hub","Sao Paulo","Global","Pegatron Corporation","Global","Gaming Console & Accs","543","747928.20"
"Hamburg Distribution Hub","Hamburg","Global","Seagate Technology","Global","Mobile Devices","790","746715.90"
"Incheon Distribution Hub","Incheon","Global","Lenovo Group Ltd.","Turkey","Mobile Devices","791","744797.69"
"Phoenix Distribution Hub","Phoenix","United States","Logitech International","Global","Electronics","696","744281.52"
"Munich Distribution Hub","Munich","Global","HP Inc. Global","United Kingdom","Computing & Servers","502","742066.44"
"Birmingham Distribution Hub","Birmingham","Global","LG Electronics","Global","Mobile Devices","718","741816.06"
"Nagoya Distribution Hub","Nagoya","Global","Panasonic Corporation","Global","Computing & Servers","615","740921.25"
"Vancouver Distribution Hub","Vancouver","Global","ASUSTeK Computer Inc.","France","Electronics","1311","740913.24"
"Rio de Janeiro Distribution Hub","Rio de Janeiro","Global","MSI (Micro-Star International)","South Korea","Computing & Servers","1296","740364.14"
"Brasilia Distribution Hub","Brasilia","Global","Kingston Technology","Global","Electronics","540","739951.20"
"Sydney Distribution Hub","Sydney","Global","ASUSTeK Computer Inc.","France","Mobile Devices","784","738206.56"
"Dubai Distribution Hub","Dubai","Global","Dell Technologies Inc.","France","Gaming Console & Accs","646","736343.10"
"Bangalore Distribution Hub","Bangalore","Global","Western Digital","Global","Mobile Devices","594","735461.10"
"Los Angeles Distribution Hub","Los Angeles","United States","Sony Corporation","Turkey","Mobile Devices","1531","734397.91"
"Jurong Distribution Hub","Jurong","Global","NVIDIA Corporation","Indonesia","Smart Home Appliance","603","732210.84"
"Singapore Central Distribution Hub","Singapore Central","Global","Gigabyte Technology","United Kingdom","Gaming Console & Accs","902","730809.42"
"New York Distribution Hub","New York","United States","Qualcomm Technologies","Canada","Mobile Devices","772","729702.12"
"Amsterdam Distribution Hub","Amsterdam","Global","ASUSTeK Computer Inc.","France","Smart Home Appliance","1040","728712.99"
"Bandung Distribution Hub","Bandung","Indonesia","Foxconn Technology Group","Global","Smart Home Appliance","784","728124.32"
"Nagoya Distribution Hub","Nagoya","Global","Pegatron Corporation","Global","Mobile Devices","588","728032.20"
"Melbourne Distribution Hub","Melbourne","Global","Wistron Corporation","Global","Electronics","527","727902.94"
"Phoenix Distribution Hub","Phoenix","United States","Panasonic Corporation","Global","Computing & Servers","579","723558.93"
"Mumbai Distribution Hub","Mumbai","Global","MSI (Micro-Star International)","South Korea","Gaming Console & Accs","649","722706.93"
"Jakarta Distribution Hub","Jakarta","Indonesia","LG Electronics","Global","Mobile Devices","743","719810.97"
"Phoenix Distribution Hub","Phoenix","United States","TSMC (Taiwan Semiconductor)","Indonesia","Smart Home Appliance","591","717639.48"
"Toronto Distribution Hub","Toronto","Global","HP Inc. Global","United Kingdom","Smart Home Appliance","920","717517.20"
"Singapore Central Distribution Hub","Singapore Central","Global","Foxconn Technology Group","Global","Mobile Devices","644","717222.80"
"Amsterdam Distribution Hub","Amsterdam","Global","NVIDIA Corporation","Indonesia","Electronics","670","716477.90"
"Jurong Distribution Hub","Jurong","Global","Logitech International","Global","Electronics","518","715471.96"
"Nagoya Distribution Hub","Nagoya","Global","Microsoft Hardware Div.","Canada","Computing & Servers","820","715384.40"
"Phoenix Distribution Hub","Phoenix","United States","ASUSTeK Computer Inc.","France","Mobile Devices","1360","714434.35"
"Melbourne Distribution Hub","Melbourne","Global","Qualcomm Technologies","Canada","Gaming Console & Accs","625","712406.25"
"Sao Paulo Distribution Hub","Sao Paulo","Global","Compal Electronics","France","Mobile Devices","752","710797.92"
"Berlin Distribution Hub","Berlin","Global","Apple Inc. Global","France","Mobile Devices","753","709017.27"
"Houston Distribution Hub","Houston","United States","Razer Inc. Global","Canada","Smart Home Appliance","507","707944.38"
"Bandung Distribution Hub","Bandung","Indonesia","Toshiba Corporation","Global","Computing & Servers","831","707131.14"
"Leeds Distribution Hub","Leeds","Global","HP Inc. Global","United Kingdom","Mobile Devices","749","705250.91"
"Melbourne Distribution Hub","Melbourne","Global","ASUSTeK Computer Inc.","France","Smart Home Appliance","638","705232.44"
"Brisbane Distribution Hub","Brisbane","Global","ASUSTeK Computer Inc.","France","Gaming Console & Accs","617","703287.45"
"Chicago Distribution Hub","Chicago","United States","Kingston Technology","Global","Electronics","513","702953.64"
"Bangalore Distribution Hub","Bangalore","Global","Compal Electronics","France","Electronics","1658","699547.76"
"Houston Distribution Hub","Houston","United States","Seagate Technology","Global","Mobile Devices","655","698210.35"
"Singapore Central Distribution Hub","Singapore Central","Global","Sony Corporation","Turkey","Smart Home Appliance","527","697047.09"
"Shenzhen Distribution Hub","Shenzhen","Global","AMD (Advanced Micro Devices)","Global","Gaming Console & Accs","587","696223.09"
"Melbourne Distribution Hub","Melbourne","Global","Intel Corporation Global","Global","Gaming Console & Accs","859","695970.39"
"Los Angeles Distribution Hub","Los Angeles","United States","Microsoft Hardware Div.","Canada","Electronics","503","694753.66"
"Marseille Distribution Hub","Marseille","Global","Gigabyte Technology","United Kingdom","Electronics","623","692726.16"
"Jakarta Distribution Hub","Jakarta","Indonesia","Compal Electronics","France","Electronics","752","692719.84"
"Hamburg Distribution Hub","Hamburg","Global","Corsair Gaming","South Korea","Gaming Console & Accs","489","690199.05"
"Jakarta Distribution Hub","Jakarta","Indonesia","Seagate Technology","Global","Mobile Devices","867","687713.07"
"Leeds Distribution Hub","Leeds","Global","Quanta Computer","Global","Gaming Console & Accs","745","687016.65"
"Abu Dhabi Distribution Hub","Abu Dhabi","Global","Western Digital","Global","Smart Home Appliance","652","686106.12"
"Frankfurt Distribution Hub","Frankfurt","Global","TSMC (Taiwan Semiconductor)","Indonesia","Mobile Devices","616","686039.20"
"Seoul Distribution Hub","Seoul","Global","TSMC (Taiwan Semiconductor)","Indonesia","Electronics","915","685115.40"
"New York Distribution Hub","New York","United States","Qualcomm Technologies","Canada","Smart Home Appliance","514","683625.14"
"Singapore Central Distribution Hub","Singapore Central","Global","Quanta Computer","Global","Computing & Servers","783","683104.86"
"Shanghai Distribution Hub","Shanghai","Global","Pegatron Corporation","Global","Gaming Console & Accs","930","682582.80"
"Birmingham Distribution Hub","Birmingham","Global","Kingston Technology","Global","Electronics","517","681700.69"
"Singapore Central Distribution Hub","Singapore Central","Global","Sony Corporation","Turkey","Electronics","1182","681618.84"
"Rio de Janeiro Distribution Hub","Rio de Janeiro","Global","Apple Inc. Global","France","Smart Home Appliance","515","681175.05"
"Delhi Distribution Hub","Delhi","Global","Compal Electronics","France","Smart Home Appliance","683","679250.33"
"Medan Distribution Hub","Medan","Indonesia","Pegatron Corporation","Global","Gaming Console & Accs","736","678717.12"
"Phoenix Distribution Hub","Phoenix","United States","Microsoft Hardware Div.","Canada","Electronics","609","677159.28"
"Jurong Distribution Hub","Jurong","Global","ASUSTeK Computer Inc.","France","Mobile Devices","1291","676457.45"
"Jurong Distribution Hub","Jurong","Global","NVIDIA Corporation","Indonesia","Gaming Console & Accs","604","672596.28"
"Beijing Distribution Hub","Beijing","Global","Samsung Electronics","Global","Smart Home Appliance","932","671794.92"
"Houston Distribution Hub","Houston","United States","Dell Technologies Inc.","France","Electronics","580","671547.20"
"New York Distribution Hub","New York","United States","Dell Technologies Inc.","France","Mobile Devices","542","671077.30"
"Singapore Central Distribution Hub","Singapore Central","Global","Seagate Technology","Global","Smart Home Appliance","931","671074.11"
"Brasilia Distribution Hub","Brasilia","Global","LG Electronics","Global","Gaming Console & Accs","653","670493.87"
"Lyon Distribution Hub","Lyon","Global","Quanta Computer","Global","Electronics","454","669976.88"
"Amsterdam Distribution Hub","Amsterdam","Global","LG Electronics","Global","Mobile Devices","688","666527.52"
"Melbourne Distribution Hub","Melbourne","Global","LG Electronics","Global","Mobile Devices","707","665704.13"
"Vancouver Distribution Hub","Vancouver","Global","Compal Electronics","France","Mobile Devices","537","664886.55"
"Brasilia Distribution Hub","Brasilia","Global","Lenovo Group Ltd.","Turkey","Smart Home Appliance","957","663650.79"
"Seoul Distribution Hub","Seoul","Global","Quanta Computer","Global","Electronics","595","661592.40"
"Bangalore Distribution Hub","Bangalore","Global","TSMC (Taiwan Semiconductor)","Indonesia","Gaming Console & Accs","654","660186.84"
"Brisbane Distribution Hub","Brisbane","Global","Sony Corporation","Turkey","Mobile Devices","832","659950.72"
"Rio de Janeiro Distribution Hub","Rio de Janeiro","Global","Logitech International","Global","Gaming Console & Accs","812","657890.52"
"Amsterdam Distribution Hub","Amsterdam","Global","Microsoft Hardware Div.","Canada","Computing & Servers","819","657083.70"
"Dubai Distribution Hub","Dubai","Global","LG Electronics","Global","Mobile Devices","616","656637.52"
"Montreal Distribution Hub","Montreal","Global","AMD (Advanced Micro Devices)","Global","Mobile Devices","1323","655056.87"
"Seoul Distribution Hub","Seoul","Global","TSMC (Taiwan Semiconductor)","Indonesia","Smart Home Appliance","839","654344.49"
"Brasilia Distribution Hub","Brasilia","Global","ASUSTeK Computer Inc.","France","Smart Home Appliance","657","653393.07"
"Singapore Central Distribution Hub","Singapore Central","Global","Quanta Computer","Global","Mobile Devices","723","649564.89"
"Birmingham Distribution Hub","Birmingham","Global","Samsung Electronics","Global","Smart Home Appliance","595","647211.25"
"Nagoya Distribution Hub","Nagoya","Global","Apple Inc. Global","France","Smart Home Appliance","933","647007.51"
"Rio de Janeiro Distribution Hub","Rio de Janeiro","Global","TSMC (Taiwan Semiconductor)","Indonesia","Mobile Devices","823","646334.82"
"Singapore Central Distribution Hub","Singapore Central","Global","NVIDIA Corporation","Indonesia","Gaming Console & Accs","543","644036.01"
"Houston Distribution Hub","Houston","United States","Panasonic Corporation","Global","Gaming Console & Accs","543","644036.01"
"Lyon Distribution Hub","Lyon","Global","Pegatron Corporation","Global","Electronics","2308","641406.61"
"Delhi Distribution Hub","Delhi","Global","Intel Corporation Global","Global","Electronics","434","640462.48"
"Melbourne Distribution Hub","Melbourne","Global","Razer Inc. Global","Canada","Smart Home Appliance","641","637480.91"
"Shanghai Distribution Hub","Shanghai","Global","Western Digital","Global","Gaming Console & Accs","559","637176.15"
"Singapore Central Distribution Hub","Singapore Central","Global","NVIDIA Corporation","Indonesia","Computing & Servers","509","636082.03"
"Lyon Distribution Hub","Lyon","Global","TSMC (Taiwan Semiconductor)","Indonesia","Computing & Servers","790","633817.00"
"Melbourne Distribution Hub","Melbourne","Global","Toshiba Corporation","Global","Smart Home Appliance","1369","633167.59"
"Mumbai Distribution Hub","Mumbai","Global","Qualcomm Technologies","Canada","Computing & Servers","725","632504.50"
"Hamburg Distribution Hub","Hamburg","Global","Compal Electronics","France","Mobile Devices","704","632494.72"
"Abu Dhabi Distribution Hub","Abu Dhabi","Global","ASUSTeK Computer Inc.","France","Smart Home Appliance","491","630630.58"
"Munich Distribution Hub","Munich","Global","Samsung Electronics","Global","Electronics","544","629864.96"
"Rio de Janeiro Distribution Hub","Rio de Janeiro","Global","Samsung Electronics","Global","Gaming Console & Accs","612","628395.48"
"Hamburg Distribution Hub","Hamburg","Global","Qualcomm Technologies","Canada","Mobile Devices","792","628222.32"
"Dubai Distribution Hub","Dubai","Global","HP Inc. Global","United Kingdom","Electronics","476","627639.32"
"Guangzhou Distribution Hub","Guangzhou","Global","AMD (Advanced Micro Devices)","Global","Mobile Devices","791","627429.11"
"New York Distribution Hub","New York","United States","Gigabyte Technology","United Kingdom","Computing & Servers","1071","624695.19"
"Beijing Distribution Hub","Beijing","Global","MSI (Micro-Star International)","South Korea","Smart Home Appliance","899","623429.53"
"Dubai Distribution Hub","Dubai","Global","Foxconn Technology Group","Global","Mobile Devices","801","621295.65"
"Rio de Janeiro Distribution Hub","Rio de Janeiro","Global","Compal Electronics","France","Computing & Servers","705","620604.45"
"Paris Distribution Hub","Paris","Global","AMD (Advanced Micro Devices)","Global","Smart Home Appliance","680","618242.40"
"Makassar Distribution Hub","Makassar","Indonesia","Toshiba Corporation","Global","Computing & Servers","512","616832.00"
"Dubai Distribution Hub","Dubai","Global","Western Digital","Global","Smart Home Appliance","454","616164.26"
"Lyon Distribution Hub","Lyon","Global","TSMC (Taiwan Semiconductor)","Indonesia","Electronics","554","616003.68"
"Dubai Distribution Hub","Dubai","Global","Kingston Technology","Global","Electronics","532","615970.88"
"Marseille Distribution Hub","Marseille","Global","LG Electronics","Global","Computing & Servers","907","614900.65"
"Bandung Distribution Hub","Bandung","Indonesia","Logitech International","Global","Computing & Servers","704","614183.68"
"Melbourne Distribution Hub","Melbourne","Global","Samsung Electronics","Global","Electronics","912","613940.16"
"Frankfurt Distribution Hub","Frankfurt","Global","TSMC (Taiwan Semiconductor)","Indonesia","Electronics","927","610466.58"
"Guangzhou Distribution Hub","Guangzhou","Global","Qualcomm Technologies","Canada","Mobile Devices","1478","610226.98"
"Melbourne Distribution Hub","Melbourne","Global","Intel Corporation Global","Global","Computing & Servers","699","609814.59"
"Makassar Distribution Hub","Makassar","Indonesia","MSI (Micro-Star International)","South Korea","Electronics","413","609472.36"
"Mumbai Distribution Hub","Mumbai","Global","Toshiba Corporation","Global","Mobile Devices","645","607325.55"
"Osaka Distribution Hub","Osaka","Global","Toshiba Corporation","Global","Electronics","834","607293.78"
"Brasilia Distribution Hub","Brasilia","Global","AMD (Advanced Micro Devices)","Global","Smart Home Appliance","577","607182.87"
"Montreal Distribution Hub","Montreal","Global","MSI (Micro-Star International)","South Korea","Gaming Console & Accs","430","606923.50"
"Birmingham Distribution Hub","Birmingham","Global","Foxconn Technology Group","Global","Computing & Servers","688","606699.04"
"Beijing Distribution Hub","Beijing","Global","Dell Technologies Inc.","France","Smart Home Appliance","447","606663.93"
"Nagoya Distribution Hub","Nagoya","Global","Panasonic Corporation","Global","Smart Home Appliance","841","606201.21"
"Toronto Distribution Hub","Toronto","Global","Toshiba Corporation","Global","Smart Home Appliance","576","606130.56"
"Abu Dhabi Distribution Hub","Abu Dhabi","Global","Compal Electronics","France","Mobile Devices","762","604426.02"
"Abu Dhabi Distribution Hub","Abu Dhabi","Global","LG Electronics","Global","Electronics","800","602992.00"
"Frankfurt Distribution Hub","Frankfurt","Global","Acer Inc. Global","Indonesia","Electronics","563","602055.31"
"Birmingham Distribution Hub","Birmingham","Global","Kingston Technology","Global","Smart Home Appliance","571","600869.01"
"Abu Dhabi Distribution Hub","Abu Dhabi","Global","Samsung Electronics","Global","Electronics","438","600182.64"
"Sydney Distribution Hub","Sydney","Global","Logitech International","Global","Gaming Console & Accs","869","600009.74"
"Houston Distribution Hub","Houston","United States","Panasonic Corporation","Global","Computing & Servers","703","598210.82"
"Houston Distribution Hub","Houston","United States","Lenovo Group Ltd.","Turkey","Computing & Servers","1419","597938.81"
"Los Angeles Distribution Hub","Los Angeles","United States","Quanta Computer","Global","Computing & Servers","763","596444.73"
"Brisbane Distribution Hub","Brisbane","Global","Compal Electronics","France","Mobile Devices","849","594987.69"
"Brisbane Distribution Hub","Brisbane","Global","Panasonic Corporation","Global","Gaming Console & Accs","810","594507.60"
"Jurong Distribution Hub","Jurong","Global","Foxconn Technology Group","Global","Smart Home Appliance","425","593444.50"
"Incheon Distribution Hub","Incheon","Global","Apple Inc. Global","France","Mobile Devices","1527","593115.03"
"Brisbane Distribution Hub","Brisbane","Global","Western Digital","Global","Mobile Devices","451","592943.23"
"Paris Distribution Hub","Paris","Global","Corsair Gaming","South Korea","Computing & Servers","671","590674.59"
"Jurong Distribution Hub","Jurong","Global","HP Inc. Global","United Kingdom","Mobile Devices","553","589481.41"
"Toronto Distribution Hub","Toronto","Global","Seagate Technology","Global","Electronics","430","589220.40"
"Munich Distribution Hub","Munich","Global","Western Digital","Global","Mobile Devices","651","584877.93"
"Rio de Janeiro Distribution Hub","Rio de Janeiro","Global","Corsair Gaming","South Korea","Smart Home Appliance","810","583856.10"
"Amsterdam Distribution Hub","Amsterdam","Global","Western Digital","Global","Smart Home Appliance","528","583640.64"
"Incheon Distribution Hub","Incheon","Global","Compal Electronics","France","Mobile Devices","618","582570.06"
"Medan Distribution Hub","Medan","Indonesia","Microsoft Hardware Div.","Canada","Mobile Devices","601","582242.79"
"Marseille Distribution Hub","Marseille","Global","Compal Electronics","France","Gaming Console & Accs","423","581734.98"
"Leeds Distribution Hub","Leeds","Global","ASUSTeK Computer Inc.","France","Mobile Devices","733","581422.93"
"Jakarta Distribution Hub","Jakarta","Indonesia","Foxconn Technology Group","Global","Gaming Console & Accs","792","581296.32"
"Lyon Distribution Hub","Lyon","Global","Seagate Technology","Global","Mobile Devices","732","580629.72"
"London Distribution Hub","London","Global","Corsair Gaming","South Korea","Mobile Devices","646","580385.78"
"Incheon Distribution Hub","Incheon","Global","Lenovo Group Ltd.","Turkey","Electronics","423","579628.44"
"Birmingham Distribution Hub","Birmingham","Global","HP Inc. Global","United Kingdom","Electronics","796","579623.32"
"Chicago Distribution Hub","Chicago","United States","Samsung Electronics","Global","Smart Home Appliance","415","579481.10"
"Paris Distribution Hub","Paris","Global","NVIDIA Corporation","Indonesia","Smart Home Appliance","438","579329.46"
"Birmingham Distribution Hub","Birmingham","Global","Toshiba Corporation","Global","Electronics","521","579310.32"
"Marseille Distribution Hub","Marseille","Global","Lenovo Group Ltd.","Turkey","Electronics","627","577573.59"
"Bangalore Distribution Hub","Bangalore","Global","HP Inc. Global","United Kingdom","Smart Home Appliance","979","575052.31"
"Montreal Distribution Hub","Montreal","Global","AMD (Advanced Micro Devices)","Global","Electronics","613","574264.53"
"Brisbane Distribution Hub","Brisbane","Global","Intel Corporation Global","Global","Mobile Devices","604","570906.84"
"Leeds Distribution Hub","Leeds","Global","Pegatron Corporation","Global","Smart Home Appliance","572","568859.72"
"Manchester Distribution Hub","Manchester","Global","Microsoft Hardware Div.","Canada","Mobile Devices","717","568731.57"
"Guangzhou Distribution Hub","Guangzhou","Global","Logitech International","Global","Electronics","751","566058.74"
"Incheon Distribution Hub","Incheon","Global","Toshiba Corporation","Global","Smart Home Appliance","424","563924.24"
"Rio de Janeiro Distribution Hub","Rio de Janeiro","Global","Samsung Electronics","Global","Mobile Devices","506","563532.20"
"Jakarta Distribution Hub","Jakarta","Indonesia","Gigabyte Technology","United Kingdom","Mobile Devices","906","562852.50"
"Melbourne Distribution Hub","Melbourne","Global","HP Inc. Global","United Kingdom","Electronics","381","562249.32"
"Toronto Distribution Hub","Toronto","Global","Acer Inc. Global","Indonesia","Computing & Servers","659","560769.46"
"Phoenix Distribution Hub","Phoenix","United States","Acer Inc. Global","Indonesia","Mobile Devices","898","557882.50"
"Phoenix Distribution Hub","Phoenix","United States","Microsoft Hardware Div.","Canada","Gaming Console & Accs","550","555203.00"
"Paris Distribution Hub","Paris","Global","Western Digital","Global","Mobile Devices","420","552186.60"
"Paris Distribution Hub","Paris","Global","Dell Technologies Inc.","France","Smart Home Appliance","766","552140.46"
"Shenzhen Distribution Hub","Shenzhen","Global","Compal Electronics","France","Computing & Servers","542","549365.78"
"Marseille Distribution Hub","Marseille","Global","Acer Inc. Global","Indonesia","Computing & Servers","542","549365.78"
"Dubai Distribution Hub","Dubai","Global","Foxconn Technology Group","Global","Gaming Console & Accs","678","549322.38"
"Marseille Distribution Hub","Marseille","Global","Panasonic Corporation","Global","Smart Home Appliance","761","548536.41"
"Montreal Distribution Hub","Montreal","Global","Western Digital","Global","Mobile Devices","442","547262.30"
"Montreal Distribution Hub","Montreal","Global","Samsung Electronics","Global","Computing & Servers","642","546303.48"
"Sydney Distribution Hub","Sydney","Global","Gigabyte Technology","United Kingdom","Electronics","593","546253.81"
"Frankfurt Distribution Hub","Frankfurt","Global","Toshiba Corporation","Global","Gaming Console & Accs","743","545332.28"
"Sydney Distribution Hub","Sydney","Global","Compal Electronics","France","Smart Home Appliance","548","544991.48"
"Frankfurt Distribution Hub","Frankfurt","Global","HP Inc. Global","United Kingdom","Computing & Servers","503","544557.86"
"Montreal Distribution Hub","Montreal","Global","Foxconn Technology Group","Global","Gaming Console & Accs","670","542840.70"
"Paris Distribution Hub","Paris","Global","AMD (Advanced Micro Devices)","Global","Mobile Devices","1642","541433.70"
"Seoul Distribution Hub","Seoul","Global","Toshiba Corporation","Global","Computing & Servers","1107","540568.35"
"Seoul Distribution Hub","Seoul","Global","Quanta Computer","Global","Gaming Console & Accs","782","539939.72"
"Mumbai Distribution Hub","Mumbai","Global","Lenovo Group Ltd.","Turkey","Mobile Devices","571","539714.91"
"Brasilia Distribution Hub","Brasilia","Global","Pegatron Corporation","Global","Electronics","800","538544.00"
"Montreal Distribution Hub","Montreal","Global","Toshiba Corporation","Global","Electronics","719","538358.44"
"Montreal Distribution Hub","Montreal","Global","Foxconn Technology Group","Global","Computing & Servers","688","537816.48"
"Bandung Distribution Hub","Bandung","Indonesia","Wistron Corporation","Global","Smart Home Appliance","744","536282.64"
"Hamburg Distribution Hub","Hamburg","Global","Razer Inc. Global","Canada","Electronics","480","533721.60"
"Busan Distribution Hub","Busan","Global","MSI (Micro-Star International)","South Korea","Gaming Console & Accs","723","530653.08"
"Shanghai Distribution Hub","Shanghai","Global","Lenovo Group Ltd.","Turkey","Gaming Console & Accs","429","529875.06"
"Marseille Distribution Hub","Marseille","Global","Wistron Corporation","Global","Computing & Servers","660","529518.00"
"Seoul Distribution Hub","Seoul","Global","Sony Corporation","Turkey","Computing & Servers","622","529284.68"
"Amsterdam Distribution Hub","Amsterdam","Global","Compal Electronics","France","Electronics","476","529273.92"
"Fukuoka Distribution Hub","Fukuoka","Global","Lenovo Group Ltd.","Turkey","Mobile Devices","496","528721.12"
"Lyon Distribution Hub","Lyon","Global","Intel Corporation Global","Global","Mobile Devices","438","526962.18"
"Melbourne Distribution Hub","Melbourne","Global","Pegatron Corporation","Global","Mobile Devices","1406","524501.84"
"Tokyo Distribution Hub","Tokyo","Global","TSMC (Taiwan Semiconductor)","Indonesia","Mobile Devices","470","523439.00"
"Sao Paulo Distribution Hub","Sao Paulo","Global","Seagate Technology","Global","Electronics","697","521885.72"
"Berlin Distribution Hub","Berlin","Global","Foxconn Technology Group","Global","Mobile Devices","505","521750.85"
"Brisbane Distribution Hub","Brisbane","Global","Intel Corporation Global","Global","Electronics","716","521369.72"
"Singapore Central Distribution Hub","Singapore Central","Global","Pegatron Corporation","Global","Mobile Devices","421","521261.15"
"Phoenix Distribution Hub","Phoenix","United States","Acer Inc. Global","Indonesia","Gaming Console & Accs","642","520154.82"
"Rio de Janeiro Distribution Hub","Rio de Janeiro","Global","MSI (Micro-Star International)","South Korea","Smart Home Appliance","455","519655.50"
"Berlin Distribution Hub","Berlin","Global","Qualcomm Technologies","Canada","Mobile Devices","655","519552.55"
"Sao Paulo Distribution Hub","Sao Paulo","Global","Intel Corporation Global","Global","Smart Home Appliance","749","519409.03"
"Beijing Distribution Hub","Beijing","Global","Pegatron Corporation","Global","Mobile Devices","654","518759.34"
"Shenzhen Distribution Hub","Shenzhen","Global","Qualcomm Technologies","Canada","Gaming Console & Accs","706","518175.76"
"Marseille Distribution Hub","Marseille","Global","Toshiba Corporation","Global","Mobile Devices","831","516258.75"
"Seoul Distribution Hub","Seoul","Global","Foxconn Technology Group","Global","Gaming Console & Accs","536","511086.72"
"Singapore Central Distribution Hub","Singapore Central","Global","LG Electronics","Global","Gaming Console & Accs","535","510133.20"
"Rio de Janeiro Distribution Hub","Rio de Janeiro","Global","NVIDIA Corporation","Indonesia","Electronics","767","509633.15"
"Frankfurt Distribution Hub","Frankfurt","Global","TSMC (Taiwan Semiconductor)","Indonesia","Gaming Console & Accs","1323","508362.77"
"Surabaya Distribution Hub","Surabaya","Indonesia","Intel Corporation Global","Global","Mobile Devices","851","507910.84"
"Munich Distribution Hub","Munich","Global","Seagate Technology","Global","Mobile Devices","535","505687.35"
"Jurong Distribution Hub","Jurong","Global","Wistron Corporation","Global","Smart Home Appliance","508","505211.08"
"Bandung Distribution Hub","Bandung","Indonesia","MSI (Micro-Star International)","South Korea","Mobile Devices","813","505076.25"
"Singapore Central Distribution Hub","Singapore Central","Global","Western Digital","Global","Smart Home Appliance","478","503004.18"
"Dubai Distribution Hub","Dubai","Global","Intel Corporation Global","Global","Electronics","452","502587.84"
"Hyderabad Distribution Hub","Hyderabad","Global","AMD (Advanced Micro Devices)","Global","Mobile Devices","389","502545.21"
"Melbourne Distribution Hub","Melbourne","Global","AMD (Advanced Micro Devices)","Global","Computing & Servers","818","499159.96"
"New York Distribution Hub","New York","United States","Toshiba Corporation","Global","Electronics","871","498926.22"
"Lyon Distribution Hub","Lyon","Global","HP Inc. Global","United Kingdom","Smart Home Appliance","771","497958.06"
"Jurong Distribution Hub","Jurong","Global","Lenovo Group Ltd.","Turkey","Mobile Devices","546","495544.14"
"Amsterdam Distribution Hub","Amsterdam","Global","Panasonic Corporation","Global","Electronics","375","494463.75"
"Montreal Distribution Hub","Montreal","Global","Apple Inc. Global","France","Gaming Console & Accs","399","492820.86"
"Brasilia Distribution Hub","Brasilia","Global","Microsoft Hardware Div.","Canada","Mobile Devices","1348","492298.32"
"Delhi Distribution Hub","Delhi","Global","Dell Technologies Inc.","France","Gaming Console & Accs","846","491923.62"
"Dubai Distribution Hub","Dubai","Global","Apple Inc. Global","France","Gaming Console & Accs","478","490805.62"
"Dubai Distribution Hub","Dubai","Global","Intel Corporation Global","Global","Computing & Servers","561","489427.62"
"Munich Distribution Hub","Munich","Global","Western Digital","Global","Gaming Console & Accs","1351","487225.91"
"Amsterdam Distribution Hub","Amsterdam","Global","Logitech International","Global","Mobile Devices","616","483769.44"
"Marseille Distribution Hub","Marseille","Global","Seagate Technology","Global","Mobile Devices","575","483546.25"
"Shenzhen Distribution Hub","Shenzhen","Global","Kingston Technology","Global","Electronics","639","481639.86"
"Rio de Janeiro Distribution Hub","Rio de Janeiro","Global","Seagate Technology","Global","Computing & Servers","566","481632.04"
"New York Distribution Hub","New York","United States","Wistron Corporation","Global","Computing & Servers","786","479632.92"
"Busan Distribution Hub","Busan","Global","Sony Corporation","Turkey","Mobile Devices","507","479221.47"
"Singapore Central Distribution Hub","Singapore Central","Global","Acer Inc. Global","Indonesia","Electronics","721","479068.45"
"Houston Distribution Hub","Houston","United States","Foxconn Technology Group","Global","Smart Home Appliance","362","478806.54"
"Dubai Distribution Hub","Dubai","Global","Dell Technologies Inc.","France","Smart Home Appliance","689","477800.83"
"Rio de Janeiro Distribution Hub","Rio de Janeiro","Global","MSI (Micro-Star International)","South Korea","Mobile Devices","614","476249.10"
"Brasilia Distribution Hub","Brasilia","Global","LG Electronics","Global","Mobile Devices","904","476100.64"
"Makassar Distribution Hub","Makassar","Indonesia","Razer Inc. Global","Canada","Gaming Console & Accs","587","475593.27"
"Bangalore Distribution Hub","Bangalore","Global","TSMC (Taiwan Semiconductor)","Indonesia","Mobile Devices","605","475130.70"
"Incheon Distribution Hub","Incheon","Global","Samsung Electronics","Global","Computing & Servers","592","474961.60"
"Marseille Distribution Hub","Marseille","Global","Wistron Corporation","Global","Smart Home Appliance","391","474783.48"
"Singapore Central Distribution Hub","Singapore Central","Global","TSMC (Taiwan Semiconductor)","Indonesia","Smart Home Appliance","429","474208.02"
"Frankfurt Distribution Hub","Frankfurt","Global","Acer Inc. Global","Indonesia","Mobile Devices","596","472753.16"
"Jurong Distribution Hub","Jurong","Global","TSMC (Taiwan Semiconductor)","Indonesia","Gaming Console & Accs","905","472029.90"
"Lyon Distribution Hub","Lyon","Global","AMD (Advanced Micro Devices)","Global","Smart Home Appliance","677","469479.19"
"New York Distribution Hub","New York","United States","Kingston Technology","Global","Computing & Servers","537","468489.54"
"Singapore Central Distribution Hub","Singapore Central","Global","Sony Corporation","Turkey","Computing & Servers","548","466315.12"
"Lyon Distribution Hub","Lyon","Global","Logitech International","Global","Mobile Devices","437","465828.89"
"Los Angeles Distribution Hub","Los Angeles","United States","Pegatron Corporation","Global","Mobile Devices","1691","465548.07"
"Phoenix Distribution Hub","Phoenix","United States","Samsung Electronics","Global","Mobile Devices","882","464514.12"
"Los Angeles Distribution Hub","Los Angeles","United States","Lenovo Group Ltd.","Turkey","Gaming Console & Accs","598","462672.60"
"Brasilia Distribution Hub","Brasilia","Global","Sony Corporation","Turkey","Gaming Console & Accs","666","459846.36"
"Singapore Central Distribution Hub","Singapore Central","Global","ASUSTeK Computer Inc.","France","Mobile Devices","1276","458073.28"
"Delhi Distribution Hub","Delhi","Global","Intel Corporation Global","Global","Gaming Console & Accs","565","457768.65"
"Leeds Distribution Hub","Leeds","Global","Seagate Technology","Global","Electronics","428","457690.36"
"Los Angeles Distribution Hub","Los Angeles","United States","Intel Corporation Global","Global","Mobile Devices","735","456618.75"
"Abu Dhabi Distribution Hub","Abu Dhabi","Global","AMD (Advanced Micro Devices)","Global","Computing & Servers","926","456610.60"
"Montreal Distribution Hub","Montreal","Global","Intel Corporation Global","Global","Mobile Devices","776","456505.28"
"Leeds Distribution Hub","Leeds","Global","Acer Inc. Global","Indonesia","Mobile Devices","439","453561.63"
"Amsterdam Distribution Hub","Amsterdam","Global","Dell Technologies Inc.","France","Mobile Devices","822","451746.54"
"Brasilia Distribution Hub","Brasilia","Global","Logitech International","Global","Mobile Devices","727","451648.75"
"Birmingham Distribution Hub","Birmingham","Global","Compal Electronics","France","Smart Home Appliance","779","450698.24"
"Bangalore Distribution Hub","Bangalore","Global","Panasonic Corporation","Global","Mobile Devices","478","450080.02"
"Sao Paulo Distribution Hub","Sao Paulo","Global","Samsung Electronics","Global","Mobile Devices","566","448956.86"
"Bandung Distribution Hub","Bandung","Indonesia","Dell Technologies Inc.","France","Mobile Devices","476","448196.84"
"Osaka Distribution Hub","Osaka","Global","Acer Inc. Global","Indonesia","Electronics","596","446260.96"
"Singapore Central Distribution Hub","Singapore Central","Global","ASUSTeK Computer Inc.","France","Smart Home Appliance","448","445540.48"
"Surabaya Distribution Hub","Surabaya","Indonesia","LG Electronics","Global","Mobile Devices","714","443572.50"
"Beijing Distribution Hub","Beijing","Global","Panasonic Corporation","Global","Mobile Devices","429","443229.93"
"Shanghai Distribution Hub","Shanghai","Global","Razer Inc. Global","Canada","Gaming Console & Accs","886","443150.62"
"Busan Distribution Hub","Busan","Global","Foxconn Technology Group","Global","Computing & Servers","566","442447.86"
"Mumbai Distribution Hub","Mumbai","Global","Western Digital","Global","Smart Home Appliance","420","441970.20"
"Jurong Distribution Hub","Jurong","Global","Western Digital","Global","Mobile Devices","525","441498.75"
"Brasilia Distribution Hub","Brasilia","Global","Pegatron Corporation","Global","Computing & Servers","1175","441226.66"
"Abu Dhabi Distribution Hub","Abu Dhabi","Global","Apple Inc. Global","France","Mobile Devices","1569","441182.25"
"Marseille Distribution Hub","Marseille","Global","Microsoft Hardware Div.","Canada","Electronics","412","440580.44"
"Melbourne Distribution Hub","Melbourne","Global","Dell Technologies Inc.","France","Gaming Console & Accs","371","440031.97"
"Dubai Distribution Hub","Dubai","Global","TSMC (Taiwan Semiconductor)","Indonesia","Smart Home Appliance","599","439210.76"
"Amsterdam Distribution Hub","Amsterdam","Global","Gigabyte Technology","United Kingdom","Mobile Devices","552","437851.92"
"Surabaya Distribution Hub","Surabaya","Indonesia","Razer Inc. Global","Canada","Gaming Console & Accs","540","437513.40"
"Seoul Distribution Hub","Seoul","Global","Seagate Technology","Global","Mobile Devices","735","437310.30"
"Incheon Distribution Hub","Incheon","Global","Wistron Corporation","Global","Mobile Devices","407","433849.79"
"London Distribution Hub","London","Global","Intel Corporation Global","Global","Smart Home Appliance","601","433206.81"
"Jurong Distribution Hub","Jurong","Global","Acer Inc. Global","Indonesia","Mobile Devices","460","433131.40"
"Lyon Distribution Hub","Lyon","Global","Razer Inc. Global","Canada","Computing & Servers","509","433128.46"
"Hyderabad Distribution Hub","Hyderabad","Global","Western Digital","Global","Mobile Devices","549","431151.66"
"Lyon Distribution Hub","Lyon","Global","Microsoft Hardware Div.","Canada","Mobile Devices","693","430526.25"
"Paris Distribution Hub","Paris","Global","Corsair Gaming","South Korea","Mobile Devices","474","430197.66"
"Berlin Distribution Hub","Berlin","Global","Wistron Corporation","Global","Smart Home Appliance","408","429342.48"
"Sao Paulo Distribution Hub","Sao Paulo","Global","Acer Inc. Global","Indonesia","Mobile Devices","455","428423.45"
"Guangzhou Distribution Hub","Guangzhou","Global","Kingston Technology","Global","Smart Home Appliance","407","428290.17"
"Toronto Distribution Hub","Toronto","Global","Compal Electronics","France","Mobile Devices","719","427790.62"
"Mumbai Distribution Hub","Mumbai","Global","Kingston Technology","Global","Mobile Devices","688","427420.00"
"Melbourne Distribution Hub","Melbourne","Global","Acer Inc. Global","Indonesia","Electronics","567","427370.58"
"Mumbai Distribution Hub","Mumbai","Global","Acer Inc. Global","Indonesia","Gaming Console & Accs","811","423001.38"
"Jakarta Distribution Hub","Jakarta","Indonesia","HP Inc. Global","United Kingdom","Smart Home Appliance","899","421091.60"
"Delhi Distribution Hub","Delhi","Global","TSMC (Taiwan Semiconductor)","Indonesia","Computing & Servers","689","420441.58"
"Mumbai Distribution Hub","Mumbai","Global","Logitech International","Global","Smart Home Appliance","606","420242.82"
"Berlin Distribution Hub","Berlin","Global","Microsoft Hardware Div.","Canada","Gaming Console & Accs","800","417264.00"
"Brisbane Distribution Hub","Brisbane","Global","Gigabyte Technology","United Kingdom","Mobile Devices","670","416237.50"
"Dubai Distribution Hub","Dubai","Global","Seagate Technology","Global","Mobile Devices","668","414995.00"
"Nagoya Distribution Hub","Nagoya","Global","Compal Electronics","France","Electronics","388","414915.56"
"Brisbane Distribution Hub","Brisbane","Global","Compal Electronics","France","Smart Home Appliance","598","414695.06"
"Busan Distribution Hub","Busan","Global","Panasonic Corporation","Global","Mobile Devices","522","414055.62"
"Lyon Distribution Hub","Lyon","Global","Toshiba Corporation","Global","Mobile Devices","782","411848.12"
"Dubai Distribution Hub","Dubai","Global","Panasonic Corporation","Global","Gaming Console & Accs","525","411610.50"
"Jurong Distribution Hub","Jurong","Global","AMD (Advanced Micro Devices)","Global","Smart Home Appliance","851","409773.52"
"Incheon Distribution Hub","Incheon","Global","ASUSTeK Computer Inc.","France","Electronics","813","409524.36"
"Rio de Janeiro Distribution Hub","Rio de Janeiro","Global","Gigabyte Technology","United Kingdom","Mobile Devices","486","408701.70"
"Shenzhen Distribution Hub","Shenzhen","Global","Pegatron Corporation","Global","Gaming Console & Accs","501","405915.21"
"Amsterdam Distribution Hub","Amsterdam","Global","ASUSTeK Computer Inc.","France","Mobile Devices","323","399922.45"
"Birmingham Distribution Hub","Birmingham","Global","Sony Corporation","Turkey","Computing & Servers","842","399301.66"
"Dubai Distribution Hub","Dubai","Global","Panasonic Corporation","Global","Mobile Devices","443","398004.49"
"Sao Paulo Distribution Hub","Sao Paulo","Global","Razer Inc. Global","Canada","Computing & Servers","496","397940.80"
"Hamburg Distribution Hub","Hamburg","Global","MSI (Micro-Star International)","South Korea","Electronics","787","396427.64"
"Amsterdam Distribution Hub","Amsterdam","Global","TSMC (Taiwan Semiconductor)","Indonesia","Smart Home Appliance","299","395478.33"
"Houston Distribution Hub","Houston","United States","Corsair Gaming","South Korea","Mobile Devices","420","395467.80"
"Dubai Distribution Hub","Dubai","Global","Dell Technologies Inc.","France","Computing & Servers","594","395366.40"
"Houston Distribution Hub","Houston","United States","Logitech International","Global","Gaming Console & Accs","504","395146.08"
"Montreal Distribution Hub","Montreal","Global","Sony Corporation","Turkey","Mobile Devices","897","394635.15"
"Frankfurt Distribution Hub","Frankfurt","Global","Logitech International","Global","Mobile Devices","925","393855.75"
"Los Angeles Distribution Hub","Los Angeles","United States","Microsoft Hardware Div.","Canada","Smart Home Appliance","680","393420.80"
"Amsterdam Distribution Hub","Amsterdam","Global","HP Inc. Global","United Kingdom","Electronics","525","393099.00"
"Paris Distribution Hub","Paris","Global","TSMC (Taiwan Semiconductor)","Indonesia","Electronics","353","392507.76"
"Sydney Distribution Hub","Sydney","Global","Dell Technologies Inc.","France","Mobile Devices","743","391308.38"
"Jurong Distribution Hub","Jurong","Global","Quanta Computer","Global","Gaming Console & Accs","946","390925.04"
"Paris Distribution Hub","Paris","Global","Logitech International","Global","Electronics","580","390444.40"
"Toronto Distribution Hub","Toronto","Global","Quanta Computer","Global","Gaming Console & Accs","481","389711.01"
"New York Distribution Hub","New York","United States","Toshiba Corporation","Global","Gaming Console & Accs","480","388900.80"
"Frankfurt Distribution Hub","Frankfurt","Global","Sony Corporation","Turkey","Electronics","515","388176.10"
"Incheon Distribution Hub","Incheon","Global","Wistron Corporation","Global","Computing & Servers","456","388028.64"
"Abu Dhabi Distribution Hub","Abu Dhabi","Global","Apple Inc. Global","France","Gaming Console & Accs","403","384268.56"
"Brisbane Distribution Hub","Brisbane","Global","Pegatron Corporation","Global","Mobile Devices","489","384031.26"
"Rio de Janeiro Distribution Hub","Rio de Janeiro","Global","ASUSTeK Computer Inc.","France","Smart Home Appliance","360","378831.60"
"Bangalore Distribution Hub","Bangalore","Global","Razer Inc. Global","Canada","Mobile Devices","888","378101.52"
"London Distribution Hub","London","Global","MSI (Micro-Star International)","South Korea","Mobile Devices","639","375910.92"
"Beijing Distribution Hub","Beijing","Global","Sony Corporation","Turkey","Computing & Servers","962","374968.36"
"Beijing Distribution Hub","Beijing","Global","Razer Inc. Global","Canada","Smart Home Appliance","480","374356.80"
"London Distribution Hub","London","Global","Microsoft Hardware Div.","Canada","Electronics","740","372752.80"
"Abu Dhabi Distribution Hub","Abu Dhabi","Global","Logitech International","Global","Smart Home Appliance","517","372658.77"
"Medan Distribution Hub","Medan","Indonesia","Lenovo Group Ltd.","Turkey","Electronics","497","372133.72"
"Brasilia Distribution Hub","Brasilia","Global","Corsair Gaming","South Korea","Smart Home Appliance","516","371937.96"
"Sydney Distribution Hub","Sydney","Global","Gigabyte Technology","United Kingdom","Gaming Console & Accs","898","371089.52"
"Brasilia Distribution Hub","Brasilia","Global","Pegatron Corporation","Global","Mobile Devices","441","370858.95"
"Busan Distribution Hub","Busan","Global","Microsoft Hardware Div.","Canada","Electronics","509","370638.53"
"Hamburg Distribution Hub","Hamburg","Global","Razer Inc. Global","Canada","Smart Home Appliance","572","369431.92"
"Jurong Distribution Hub","Jurong","Global","Intel Corporation Global","Global","Computing & Servers","605","369183.10"
"Dubai Distribution Hub","Dubai","Global","Kingston Technology","Global","Smart Home Appliance","397","368705.81"
"London Distribution Hub","London","Global","Microsoft Hardware Div.","Canada","Mobile Devices","700","368662.00"
"Munich Distribution Hub","Munich","Global","Pegatron Corporation","Global","Mobile Devices","592","367780.00"
"Mumbai Distribution Hub","Mumbai","Global","MSI (Micro-Star International)","South Korea","Mobile Devices","1318","366673.50"
"New York Distribution Hub","New York","United States","Foxconn Technology Group","Global","Mobile Devices","898","366195.42"
"Seoul Distribution Hub","Seoul","Global","Microsoft Hardware Div.","Canada","Mobile Devices","666","366013.62"
"Chicago Distribution Hub","Chicago","United States","Samsung Electronics","Global","Mobile Devices","589","365916.25"
"Shanghai Distribution Hub","Shanghai","Global","Gigabyte Technology","United Kingdom","Mobile Devices","896","365379.84"
"Hamburg Distribution Hub","Hamburg","Global","Razer Inc. Global","Canada","Computing & Servers","734","361935.40"
"Medan Distribution Hub","Medan","Indonesia","Microsoft Hardware Div.","Canada","Gaming Console & Accs","685","357282.30"
"Bangalore Distribution Hub","Bangalore","Global","Razer Inc. Global","Canada","Smart Home Appliance","515","357137.05"
"Sao Paulo Distribution Hub","Sao Paulo","Global","LG Electronics","Global","Computing & Servers","1147","354638.85"
"Phoenix Distribution Hub","Phoenix","United States","Dell Technologies Inc.","France","Mobile Devices","642","352823.94"
"Sydney Distribution Hub","Sydney","Global","Panasonic Corporation","Global","Mobile Devices","599","352379.72"
"Shenzhen Distribution Hub","Shenzhen","Global","Dell Technologies Inc.","France","Electronics","523","352073.14"
"Melbourne Distribution Hub","Melbourne","Global","Intel Corporation Global","Global","Electronics","470","351917.20"
"Toronto Distribution Hub","Toronto","Global","AMD (Advanced Micro Devices)","Global","Mobile Devices","389","349489.27"
"Tokyo Distribution Hub","Tokyo","Global","LG Electronics","Global","Mobile Devices","445","349476.30"
"Shanghai Distribution Hub","Shanghai","Global","TSMC (Taiwan Semiconductor)","Indonesia","Mobile Devices","794","349320.30"
"Jurong Distribution Hub","Jurong","Global","Toshiba Corporation","Global","Mobile Devices","816","347444.64"
"Singapore Central Distribution Hub","Singapore Central","Global","NVIDIA Corporation","Indonesia","Mobile Devices","850","346621.50"
"Jurong Distribution Hub","Jurong","Global","Toshiba Corporation","Global","Computing & Servers","886","345345.08"
"Brasilia Distribution Hub","Brasilia","Global","Foxconn Technology Group","Global","Mobile Devices","365","345001.65"
"Nagoya Distribution Hub","Nagoya","Global","Foxconn Technology Group","Global","Electronics","684","344544.48"
"Sydney Distribution Hub","Sydney","Global","LG Electronics","Global","Smart Home Appliance","734","343805.60"
"Leeds Distribution Hub","Leeds","Global","Intel Corporation Global","Global","Smart Home Appliance","474","341663.94"
"Shanghai Distribution Hub","Shanghai","Global","Acer Inc. Global","Indonesia","Electronics","507","341302.26"
"Osaka Distribution Hub","Osaka","Global","Quanta Computer","Global","Electronics","449","338429.26"
"Phoenix Distribution Hub","Phoenix","United States","Microsoft Hardware Div.","Canada","Mobile Devices","768","337881.60"
"Incheon Distribution Hub","Incheon","Global","Apple Inc. Global","France","Computing & Servers","432","337698.72"
"Hamburg Distribution Hub","Hamburg","Global","Sony Corporation","Turkey","Mobile Devices","828","337650.12"
"Birmingham Distribution Hub","Birmingham","Global","Seagate Technology","Global","Mobile Devices","762","335241.90"
"Lyon Distribution Hub","Lyon","Global","Lenovo Group Ltd.","Turkey","Electronics","447","334695.72"
"Makassar Distribution Hub","Makassar","Indonesia","HP Inc. Global","United Kingdom","Computing & Servers","676","333335.60"
"Makassar Distribution Hub","Makassar","Indonesia","Western Digital","Global","Mobile Devices","419","332354.99"
"Berlin Distribution Hub","Berlin","Global","Panasonic Corporation","Global","Mobile Devices","774","329561.46"
"Shenzhen Distribution Hub","Shenzhen","Global","Acer Inc. Global","Indonesia","Smart Home Appliance","569","329524.97"
"Nagoya Distribution Hub","Nagoya","Global","Samsung Electronics","Global","Computing & Servers","805","328592.95"
"Frankfurt Distribution Hub","Frankfurt","Global","Toshiba Corporation","Global","Computing & Servers","841","327804.98"
"Abu Dhabi Distribution Hub","Abu Dhabi","Global","Foxconn Technology Group","Global","Mobile Devices","1274","327337.04"
"Incheon Distribution Hub","Incheon","Global","Apple Inc. Global","France","Electronics","435","325710.60"
"Chicago Distribution Hub","Chicago","United States","Panasonic Corporation","Global","Gaming Console & Accs","470","324516.20"
"Sydney Distribution Hub","Sydney","Global","Qualcomm Technologies","Canada","Mobile Devices","795","324193.05"
"London Distribution Hub","London","Global","AMD (Advanced Micro Devices)","Global","Gaming Console & Accs","621","323901.18"
"Lyon Distribution Hub","Lyon","Global","Apple Inc. Global","France","Computing & Servers","793","323694.67"
"Abu Dhabi Distribution Hub","Abu Dhabi","Global","Pegatron Corporation","Global","Computing & Servers","530","323416.60"
"Paris Distribution Hub","Paris","Global","Dell Technologies Inc.","France","Computing & Servers","413","322846.23"
"Bandung Distribution Hub","Bandung","Indonesia","HP Inc. Global","United Kingdom","Smart Home Appliance","558","322836.48"
"Marseille Distribution Hub","Marseille","Global","Intel Corporation Global","Global","Computing & Servers","817","318450.26"
"Singapore Central Distribution Hub","Singapore Central","Global","Kingston Technology","Global","Computing & Servers","815","317670.70"
"Houston Distribution Hub","Houston","United States","Lenovo Group Ltd.","Turkey","Gaming Console & Accs","608","317120.64"
"Sao Paulo Distribution Hub","Sao Paulo","Global","Qualcomm Technologies","Canada","Gaming Console & Accs","619","316055.21"
"Brisbane Distribution Hub","Brisbane","Global","Foxconn Technology Group","Global","Computing & Servers","809","315332.02"
"Paris Distribution Hub","Paris","Global","Intel Corporation Global","Global","Computing & Servers","806","314162.68"
"Montreal Distribution Hub","Montreal","Global","Panasonic Corporation","Global","Mobile Devices","1211","311427.08"
"Nagoya Distribution Hub","Nagoya","Global","Apple Inc. Global","France","Computing & Servers","751","310395.81"
"Toronto Distribution Hub","Toronto","Global","Corsair Gaming","South Korea","Mobile Devices","758","309104.82"
"Incheon Distribution Hub","Incheon","Global","NVIDIA Corporation","Indonesia","Mobile Devices","723","307846.17"
"Paris Distribution Hub","Paris","Global","Compal Electronics","France","Electronics","410","306991.60"
"Amsterdam Distribution Hub","Amsterdam","Global","Toshiba Corporation","Global","Computing & Servers","751","306550.69"
"Shenzhen Distribution Hub","Shenzhen","Global","Acer Inc. Global","Indonesia","Mobile Devices","493","306276.25"
"Shanghai Distribution Hub","Shanghai","Global","Foxconn Technology Group","Global","Smart Home Appliance","884","305192.16"
"Busan Distribution Hub","Busan","Global","AMD (Advanced Micro Devices)","Global","Computing & Servers","735","303782.85"
"Munich Distribution Hub","Munich","Global","Corsair Gaming","South Korea","Mobile Devices","688","302685.60"
"Paris Distribution Hub","Paris","Global","Pegatron Corporation","Global","Computing & Servers","730","301716.30"
"Singapore Central Distribution Hub","Singapore Central","Global","Razer Inc. Global","Canada","Computing & Servers","342","301059.18"
"Guangzhou Distribution Hub","Guangzhou","Global","Logitech International","Global","Computing & Servers","735","300019.65"
"Delhi Distribution Hub","Delhi","Global","Sony Corporation","Turkey","Computing & Servers","769","299740.82"
"Paris Distribution Hub","Paris","Global","Kingston Technology","Global","Gaming Console & Accs","645","299428.35"
"Paris Distribution Hub","Paris","Global","Foxconn Technology Group","Global","Computing & Servers","606","298818.60"
"Shanghai Distribution Hub","Shanghai","Global","Apple Inc. Global","France","Mobile Devices","538","295668.66"
"Singapore Central Distribution Hub","Singapore Central","Global","Apple Inc. Global","France","Computing & Servers","484","295346.48"
"Guangzhou Distribution Hub","Guangzhou","Global","Seagate Technology","Global","Mobile Devices","536","294569.52"
"Dubai Distribution Hub","Dubai","Global","Gigabyte Technology","United Kingdom","Gaming Console & Accs","709","292987.16"
"Brisbane Distribution Hub","Brisbane","Global","HP Inc. Global","United Kingdom","Mobile Devices","663","291686.85"
"Munich Distribution Hub","Munich","Global","TSMC (Taiwan Semiconductor)","Indonesia","Gaming Console & Accs","553","288433.74"
"Shenzhen Distribution Hub","Shenzhen","Global","Microsoft Hardware Div.","Canada","Computing & Servers","583","287477.30"
"Amsterdam Distribution Hub","Amsterdam","Global","Compal Electronics","France","Smart Home Appliance","496","286965.76"
"Manchester Distribution Hub","Manchester","Global","Gigabyte Technology","United Kingdom","Computing & Servers","736","286878.08"
"Marseille Distribution Hub","Marseille","Global","Quanta Computer","Global","Mobile Devices","640","281568.00"
"Manchester Distribution Hub","Manchester","Global","NVIDIA Corporation","Indonesia","Computing & Servers","560","276136.00"
"Sydney Distribution Hub","Sydney","Global","Compal Electronics","France","Computing & Servers","706","275184.68"
"Shanghai Distribution Hub","Shanghai","Global","Lenovo Group Ltd.","Turkey","Computing & Servers","557","274656.70"
"Chicago Distribution Hub","Chicago","United States","Sony Corporation","Turkey","Mobile Devices","521","274389.86"
"Los Angeles Distribution Hub","Los Angeles","United States","Corsair Gaming","South Korea","Computing & Servers","671","273895.49"
"Singapore Central Distribution Hub","Singapore Central","Global","Samsung Electronics","Global","Smart Home Appliance","473","273658.88"
"Abu Dhabi Distribution Hub","Abu Dhabi","Global","Kingston Technology","Global","Computing & Servers","656","271131.36"
"Leeds Distribution Hub","Leeds","Global","Seagate Technology","Global","Mobile Devices","636","270802.44"
"Seoul Distribution Hub","Seoul","Global","Compal Electronics","France","Mobile Devices","614","270129.30"
"Bangalore Distribution Hub","Bangalore","Global","Acer Inc. Global","Indonesia","Computing & Servers","690","268948.20"
"Marseille Distribution Hub","Marseille","Global","Pegatron Corporation","Global","Mobile Devices","877","267406.07"
"Incheon Distribution Hub","Incheon","Global","Quanta Computer","Global","Mobile Devices","486","267091.02"
"Tokyo Distribution Hub","Tokyo","Global","Toshiba Corporation","Global","Computing & Servers","1199","266797.13"
"Lyon Distribution Hub","Lyon","Global","AMD (Advanced Micro Devices)","Global","Electronics","772","266463.52"
"Rio de Janeiro Distribution Hub","Rio de Janeiro","Global","Apple Inc. Global","France","Computing & Servers","537","264794.70"
"Osaka Distribution Hub","Osaka","Global","Microsoft Hardware Div.","Canada","Smart Home Appliance","765","264108.60"
"Jurong Distribution Hub","Jurong","Global","Foxconn Technology Group","Global","Mobile Devices","854","260393.14"
"Sao Paulo Distribution Hub","Sao Paulo","Global","Kingston Technology","Global","Gaming Console & Accs","791","260183.63"
"Guangzhou Distribution Hub","Guangzhou","Global","Toshiba Corporation","Global","Smart Home Appliance","753","259965.72"
"Leeds Distribution Hub","Leeds","Global","NVIDIA Corporation","Indonesia","Gaming Console & Accs","557","258576.11"
"Incheon Distribution Hub","Incheon","Global","ASUSTeK Computer Inc.","France","Computing & Servers","661","257644.58"
"Berlin Distribution Hub","Berlin","Global","Seagate Technology","Global","Smart Home Appliance","742","256168.08"
"Toronto Distribution Hub","Toronto","Global","Lenovo Group Ltd.","Turkey","Gaming Console & Accs","776","255249.68"
"Surabaya Distribution Hub","Surabaya","Indonesia","TSMC (Taiwan Semiconductor)","Indonesia","Electronics","743","254967.88"
"Montreal Distribution Hub","Montreal","Global","Kingston Technology","Global","Computing & Servers","650","253357.00"
"Abu Dhabi Distribution Hub","Abu Dhabi","Global","HP Inc. Global","United Kingdom","Computing & Servers","619","252669.61"
"New York Distribution Hub","New York","United States","Panasonic Corporation","Global","Mobile Devices","828","252465.48"
"Singapore Central Distribution Hub","Singapore Central","Global","Apple Inc. Global","France","Smart Home Appliance","725","250299.00"
"Bangalore Distribution Hub","Bangalore","Global","MSI (Micro-Star International)","South Korea","Mobile Devices","817","249111.47"
"Frankfurt Distribution Hub","Frankfurt","Global","Microsoft Hardware Div.","Canada","Computing & Servers","408","248969.76"
"Montreal Distribution Hub","Montreal","Global","Compal Electronics","France","Computing & Servers","503","248029.30"
"Bandung Distribution Hub","Bandung","Indonesia","Pegatron Corporation","Global","Electronics","713","246099.08"
"Mumbai Distribution Hub","Mumbai","Global","Quanta Computer","Global","Smart Home Appliance","702","242358.48"
"Amsterdam Distribution Hub","Amsterdam","Global","Quanta Computer","Global","Gaming Console & Accs","583","240918.92"
"Berlin Distribution Hub","Berlin","Global","Qualcomm Technologies","Canada","Computing & Servers","479","236194.90"
"New York Distribution Hub","New York","United States","MSI (Micro-Star International)","South Korea","Computing & Servers","475","234222.50"
"Lyon Distribution Hub","Lyon","Global","NVIDIA Corporation","Indonesia","Mobile Devices","764","232951.24"
"Jakarta Distribution Hub","Jakarta","Indonesia","Toshiba Corporation","Global","Gaming Console & Accs","710","232304.90"
"Singapore Central Distribution Hub","Singapore Central","Global","Logitech International","Global","Mobile Devices","422","231918.54"
"Birmingham Distribution Hub","Birmingham","Global","LG Electronics","Global","Smart Home Appliance","400","231652.00"
"Phoenix Distribution Hub","Phoenix","United States","Foxconn Technology Group","Global","Mobile Devices","890","227688.70"
"Seoul Distribution Hub","Seoul","Global","Lenovo Group Ltd.","Turkey","Mobile Devices","533","226946.07"
"Abu Dhabi Distribution Hub","Abu Dhabi","Global","HP Inc. Global","United Kingdom","Smart Home Appliance","655","226132.20"
"Jurong Distribution Hub","Jurong","Global","AMD (Advanced Micro Devices)","Global","Computing & Servers","456","224853.60"
"Manchester Distribution Hub","Manchester","Global","TSMC (Taiwan Semiconductor)","Indonesia","Mobile Devices","736","224413.76"
"Incheon Distribution Hub","Incheon","Global","Razer Inc. Global","Canada","Computing & Servers","542","224014.02"
"Leeds Distribution Hub","Leeds","Global","Wistron Corporation","Global","Computing & Servers","538","222360.78"
"Paris Distribution Hub","Paris","Global","HP Inc. Global","United Kingdom","Gaming Console & Accs","534","220670.16"
"Berlin Distribution Hub","Berlin","Global","Western Digital","Global","Computing & Servers","540","220422.60"
"Rio de Janeiro Distribution Hub","Rio de Janeiro","Global","Microsoft Hardware Div.","Canada","Computing & Servers","537","219198.03"
"Birmingham Distribution Hub","Birmingham","Global","Toshiba Corporation","Global","Gaming Console & Accs","528","218190.72"
"Beijing Distribution Hub","Beijing","Global","Microsoft Hardware Div.","Canada","Gaming Console & Accs","848","216265.44"
"Bandung Distribution Hub","Bandung","Indonesia","Intel Corporation Global","Global","Mobile Devices","407","214350.62"
"Bandung Distribution Hub","Bandung","Indonesia","Compal Electronics","France","Smart Home Appliance","620","214048.80"
"Chicago Distribution Hub","Chicago","United States","Apple Inc. Global","France","Computing & Servers","545","212430.10"
"Phoenix Distribution Hub","Phoenix","United States","ASUSTeK Computer Inc.","France","Computing & Servers","509","210374.79"
"Dubai Distribution Hub","Dubai","Global","Intel Corporation Global","Global","Mobile Devices","378","207737.46"
"Dubai Distribution Hub","Dubai","Global","LG Electronics","Global","Computing & Servers","418","206115.80"
"Vancouver Distribution Hub","Vancouver","Global","Intel Corporation Global","Global","Mobile Devices","466","205016.70"
"Lyon Distribution Hub","Lyon","Global","Panasonic Corporation","Global","Computing & Servers","516","201126.48"
"Berlin Distribution Hub","Berlin","Global","Pegatron Corporation","Global","Mobile Devices","457","201057.15"
"Paris Distribution Hub","Paris","Global","ASUSTeK Computer Inc.","France","Computing & Servers","847","200323.97"
"Incheon Distribution Hub","Incheon","Global","Quanta Computer","Global","Smart Home Appliance","578","199548.72"
"Abu Dhabi Distribution Hub","Abu Dhabi","Global","Toshiba Corporation","Global","Computing & Servers","679","198750.09"
"Paris Distribution Hub","Paris","Global","LG Electronics","Global","Gaming Console & Accs","647","195109.32"
"Munich Distribution Hub","Munich","Global","Panasonic Corporation","Global","Computing & Servers","462","190949.22"
"Frankfurt Distribution Hub","Frankfurt","Global","MSI (Micro-Star International)","South Korea","Smart Home Appliance","549","189536.76"
"Hamburg Distribution Hub","Hamburg","Global","Sony Corporation","Turkey","Computing & Servers","486","189433.08"
"Delhi Distribution Hub","Delhi","Global","Microsoft Hardware Div.","Canada","Gaming Console & Accs","902","189149.40"
"Frankfurt Distribution Hub","Frankfurt","Global","Qualcomm Technologies","Canada","Gaming Console & Accs","576","188461.44"
"Brasilia Distribution Hub","Brasilia","Global","Microsoft Hardware Div.","Canada","Computing & Servers","878","188251.98"
"Hamburg Distribution Hub","Hamburg","Global","Seagate Technology","Global","Gaming Console & Accs","562","184858.66"
"Jurong Distribution Hub","Jurong","Global","Quanta Computer","Global","Mobile Devices","649","184757.32"
"Jurong Distribution Hub","Jurong","Global","Qualcomm Technologies","Canada","Mobile Devices","414","182139.30"
"Paris Distribution Hub","Paris","Global","Wistron Corporation","Global","Computing & Servers","846","181390.86"
"Delhi Distribution Hub","Delhi","Global","Lenovo Group Ltd.","Turkey","Computing & Servers","833","178603.53"
"Lyon Distribution Hub","Lyon","Global","TSMC (Taiwan Semiconductor)","Indonesia","Smart Home Appliance","517","178489.08"
"Lyon Distribution Hub","Lyon","Global","Razer Inc. Global","Canada","Gaming Console & Accs","699","178265.97"
"Rio de Janeiro Distribution Hub","Rio de Janeiro","Global","Logitech International","Global","Mobile Devices","717","177543.54"
"Dubai Distribution Hub","Dubai","Global","Gigabyte Technology","United Kingdom","Computing & Servers","606","177382.26"
"Hamburg Distribution Hub","Hamburg","Global","Samsung Electronics","Global","Computing & Servers","429","177309.99"
"Paris Distribution Hub","Paris","Global","Razer Inc. Global","Canada","Mobile Devices","578","176237.98"
"Brisbane Distribution Hub","Brisbane","Global","Lenovo Group Ltd.","Turkey","Gaming Console & Accs","1114","174292.46"
"Brisbane Distribution Hub","Brisbane","Global","Sony Corporation","Turkey","Computing & Servers","802","171956.82"
"London Distribution Hub","London","Global","Compal Electronics","France","Smart Home Appliance","820","170863.40"
"Rio de Janeiro Distribution Hub","Rio de Janeiro","Global","Toshiba Corporation","Global","Electronics","487","168092.92"
"Hyderabad Distribution Hub","Hyderabad","Global","Microsoft Hardware Div.","Canada","Mobile Devices","799","168013.72"
"Phoenix Distribution Hub","Phoenix","United States","TSMC (Taiwan Semiconductor)","Indonesia","Computing & Servers","781","167454.21"
"Chicago Distribution Hub","Chicago","United States","Microsoft Hardware Div.","Canada","Electronics","869","167056.56"
"Singapore Central Distribution Hub","Singapore Central","Global","Kingston Technology","Global","Mobile Devices","392","166909.68"
"Lyon Distribution Hub","Lyon","Global","Qualcomm Technologies","Canada","Mobile Devices","793","166752.04"
"Shanghai Distribution Hub","Shanghai","Global","NVIDIA Corporation","Indonesia","Mobile Devices","787","165490.36"
"Amsterdam Distribution Hub","Amsterdam","Global","TSMC (Taiwan Semiconductor)","Indonesia","Mobile Devices","373","164101.35"
"Fukuoka Distribution Hub","Fukuoka","Global","Dell Technologies Inc.","France","Mobile Devices","778","163597.84"
"Mumbai Distribution Hub","Mumbai","Global","Pegatron Corporation","Global","Mobile Devices","772","162336.16"
"Medan Distribution Hub","Medan","Indonesia","Qualcomm Technologies","Canada","Smart Home Appliance","465","160536.60"
"Marseille Distribution Hub","Marseille","Global","TSMC (Taiwan Semiconductor)","Indonesia","Gaming Console & Accs","629","160413.87"
"Surabaya Distribution Hub","Surabaya","Indonesia","Dell Technologies Inc.","France","Computing & Servers","744","159521.04"
"Jurong Distribution Hub","Jurong","Global","Acer Inc. Global","Indonesia","Electronics","825","158598.00"
"Incheon Distribution Hub","Incheon","Global","Seagate Technology","Global","Mobile Devices","741","155817.48"
"Bandung Distribution Hub","Bandung","Indonesia","MSI (Micro-Star International)","South Korea","Gaming Console & Accs","978","155570.46"
"Singapore Central Distribution Hub","Singapore Central","Global","Kingston Technology","Global","Smart Home Appliance","728","151693.36"
"Munich Distribution Hub","Munich","Global","TSMC (Taiwan Semiconductor)","Indonesia","Mobile Devices","610","151048.20"
"Bandung Distribution Hub","Bandung","Indonesia","MSI (Micro-Star International)","South Korea","Smart Home Appliance","723","150651.51"
"Dubai Distribution Hub","Dubai","Global","Kingston Technology","Global","Computing & Servers","359","148378.29"
"Singapore Central Distribution Hub","Singapore Central","Global","Razer Inc. Global","Canada","Gaming Console & Accs","880","145816.00"
"Abu Dhabi Distribution Hub","Abu Dhabi","Global","NVIDIA Corporation","Indonesia","Gaming Console & Accs","864","143164.80"
"Hyderabad Distribution Hub","Hyderabad","Global","Western Digital","Global","Smart Home Appliance","687","143150.19"
"Jakarta Distribution Hub","Jakarta","Indonesia","Lenovo Group Ltd.","Turkey","Mobile Devices","497","141485.96"
"Marseille Distribution Hub","Marseille","Global","Compal Electronics","France","Mobile Devices","671","141097.88"
"Rio de Janeiro Distribution Hub","Rio de Janeiro","Global","Foxconn Technology Group","Global","Gaming Console & Accs","551","140521.53"
"Incheon Distribution Hub","Incheon","Global","TSMC (Taiwan Semiconductor)","Indonesia","Gaming Console & Accs","846","140182.20"
"Bandung Distribution Hub","Bandung","Indonesia","Compal Electronics","France","Mobile Devices","927","140032.62"
"Fukuoka Distribution Hub","Fukuoka","Global","Pegatron Corporation","Global","Gaming Console & Accs","543","138481.29"
"Hyderabad Distribution Hub","Hyderabad","Global","HP Inc. Global","United Kingdom","Mobile Devices","880","132932.80"
"Amsterdam Distribution Hub","Amsterdam","Global","AMD (Advanced Micro Devices)","Global","Computing & Servers","318","131432.58"
"Seoul Distribution Hub","Seoul","Global","Seagate Technology","Global","Computing & Servers","1700","129821.81"
"Dubai Distribution Hub","Dubai","Global","NVIDIA Corporation","Indonesia","Computing & Servers","603","129289.23"
"Brasilia Distribution Hub","Brasilia","Global","Seagate Technology","Global","Gaming Console & Accs","627","129205.89"
"Manchester Distribution Hub","Manchester","Global","Sony Corporation","Turkey","Gaming Console & Accs","778","128914.60"
"Bangalore Distribution Hub","Bangalore","Global","HP Inc. Global","United Kingdom","Mobile Devices","605","127219.40"
"Makassar Distribution Hub","Makassar","Indonesia","Samsung Electronics","Global","Mobile Devices","604","127009.12"
"Brisbane Distribution Hub","Brisbane","Global","HP Inc. Global","United Kingdom","Gaming Console & Accs","765","126760.50"
"Frankfurt Distribution Hub","Frankfurt","Global","LG Electronics","Global","Smart Home Appliance","601","125230.37"
"Houston Distribution Hub","Houston","United States","Pegatron Corporation","Global","Gaming Console & Accs","585","122674.50"
"Seoul Distribution Hub","Seoul","Global","MSI (Micro-Star International)","South Korea","Smart Home Appliance","580","120854.60"
"Hamburg Distribution Hub","Hamburg","Global","HP Inc. Global","United Kingdom","Gaming Console & Accs","729","120795.30"
"Leeds Distribution Hub","Leeds","Global","Panasonic Corporation","Global","Smart Home Appliance","572","119187.64"
"London Distribution Hub","London","Global","Razer Inc. Global","Canada","Mobile Devices","773","116769.38"
"Jurong Distribution Hub","Jurong","Global","Logitech International","Global","Mobile Devices","456","116658.48"
"Marseille Distribution Hub","Marseille","Global","Pegatron Corporation","Global","Smart Home Appliance","336","116000.64"
"Chicago Distribution Hub","Chicago","United States","Kingston Technology","Global","Gaming Console & Accs","698","115658.60"
"Nagoya Distribution Hub","Nagoya","Global","Gigabyte Technology","United Kingdom","Mobile Devices","1582","115225.08"
"Berlin Distribution Hub","Berlin","Global","TSMC (Taiwan Semiconductor)","Indonesia","Gaming Console & Accs","690","114333.00"
"Makassar Distribution Hub","Makassar","Indonesia","Apple Inc. Global","France","Computing & Servers","520","111493.20"
"Fukuoka Distribution Hub","Fukuoka","Global","Sony Corporation","Turkey","Smart Home Appliance","531","110644.47"
"Jakarta Distribution Hub","Jakarta","Indonesia","LG Electronics","Global","Gaming Console & Accs","666","110356.20"
"Rio de Janeiro Distribution Hub","Rio de Janeiro","Global","MSI (Micro-Star International)","South Korea","Gaming Console & Accs","524","109882.80"
"Makassar Distribution Hub","Makassar","Indonesia","Dell Technologies Inc.","France","Mobile Devices","913","104383.29"
"Paris Distribution Hub","Paris","Global","Logitech International","Global","Smart Home Appliance","490","102101.30"
"Birmingham Distribution Hub","Birmingham","Global","Kingston Technology","Global","Computing & Servers","476","102059.16"
"Phoenix Distribution Hub","Phoenix","United States","Panasonic Corporation","Global","Mobile Devices","886","101296.38"
"Tokyo Distribution Hub","Tokyo","Global","Pegatron Corporation","Global","Mobile Devices","475","99883.00"
"Frankfurt Distribution Hub","Frankfurt","Global","Corsair Gaming","South Korea","Computing & Servers","458","98199.78"
"Jakarta Distribution Hub","Jakarta","Indonesia","Toshiba Corporation","Global","Computing & Servers","449","96270.09"
"Brisbane Distribution Hub","Brisbane","Global","NVIDIA Corporation","Indonesia","Smart Home Appliance","604","95866.88"
"Seoul Distribution Hub","Seoul","Global","Qualcomm Technologies","Canada","Gaming Console & Accs","577","95608.90"
"Seoul Distribution Hub","Seoul","Global","Foxconn Technology Group","Global","Electronics","486","93428.64"
"Toronto Distribution Hub","Toronto","Global","Seagate Technology","Global","Smart Home Appliance","441","91891.17"
"Dubai Distribution Hub","Dubai","Global","AMD (Advanced Micro Devices)","Global","Gaming Console & Accs","547","90637.90"
"Frankfurt Distribution Hub","Frankfurt","Global","Quanta Computer","Global","Mobile Devices","786","89863.38"
"Hamburg Distribution Hub","Hamburg","Global","Razer Inc. Global","Canada","Gaming Console & Accs","562","89397.34"
"Tokyo Distribution Hub","Tokyo","Global","HP Inc. Global","United Kingdom","Gaming Console & Accs","539","89312.30"
"London Distribution Hub","London","Global","Qualcomm Technologies","Canada","Mobile Devices","775","88605.75"
"Berlin Distribution Hub","Berlin","Global","Sony Corporation","Turkey","Computing & Servers","872","85438.56"
"Houston Distribution Hub","Houston","United States","Acer Inc. Global","Indonesia","Gaming Console & Accs","513","85004.10"
"Manchester Distribution Hub","Manchester","Global","TSMC (Taiwan Semiconductor)","Indonesia","Smart Home Appliance","406","84598.22"
"Lyon Distribution Hub","Lyon","Global","Wistron Corporation","Global","Computing & Servers","858","84066.84"
"Amsterdam Distribution Hub","Amsterdam","Global","TSMC (Taiwan Semiconductor)","Indonesia","Computing & Servers","384","82333.44"
"Mumbai Distribution Hub","Mumbai","Global","Panasonic Corporation","Global","Mobile Devices","535","80817.10"
"Shanghai Distribution Hub","Shanghai","Global","Samsung Electronics","Global","Computing & Servers","822","80539.56"
"Abu Dhabi Distribution Hub","Abu Dhabi","Global","Intel Corporation Global","Global","Mobile Devices","378","79485.84"
"Singapore Central Distribution Hub","Singapore Central","Global","HP Inc. Global","United Kingdom","Computing & Servers","358","76758.78"
"Dubai Distribution Hub","Dubai","Global","Compal Electronics","France","Computing & Servers","913","71154.24"
"London Distribution Hub","London","Global","Compal Electronics","France","Computing & Servers","331","70969.71"
"Toronto Distribution Hub","Toronto","Global","Acer Inc. Global","Indonesia","Gaming Console & Accs","415","68765.50"
"Rio de Janeiro Distribution Hub","Rio de Janeiro","Global","Seagate Technology","Global","Gaming Console & Accs","409","67771.30"
"New York Distribution Hub","New York","United States","Dell Technologies Inc.","France","Computing & Servers","669","65548.62"
"Tokyo Distribution Hub","Tokyo","Global","Dell Technologies Inc.","France","Computing & Servers","637","62413.26"
"Jurong Distribution Hub","Jurong","Global","MSI (Micro-Star International)","South Korea","Mobile Devices","542","61966.86"
"Munich Distribution Hub","Munich","Global","Intel Corporation Global","Global","Gaming Console & Accs","802","59957.52"
"Sydney Distribution Hub","Sydney","Global","Pegatron Corporation","Global","Mobile Devices","523","59794.59"
"Jurong Distribution Hub","Jurong","Global","Wistron Corporation","Global","Gaming Console & Accs","360","59652.00"
"Osaka Distribution Hub","Osaka","Global","Compal Electronics","France","Mobile Devices","507","57965.31"
"Guangzhou Distribution Hub","Guangzhou","Global","Compal Electronics","France","Mobile Devices","836","54064.12"
"Berlin Distribution Hub","Berlin","Global","Razer Inc. Global","Canada","Gaming Console & Accs","717","53602.92"
"Toronto Distribution Hub","Toronto","Global","Intel Corporation Global","Global","Computing & Servers","512","50165.76"
"Lyon Distribution Hub","Lyon","Global","AMD (Advanced Micro Devices)","Global","Gaming Console & Accs","631","47173.56"
"Amsterdam Distribution Hub","Amsterdam","Global","LG Electronics","Global","Gaming Console & Accs","629","47024.04"
"Brasilia Distribution Hub","Brasilia","Global","MSI (Micro-Star International)","South Korea","Gaming Console & Accs","607","45379.32"
"Bandung Distribution Hub","Bandung","Indonesia","LG Electronics","Global","Computing & Servers","460","45070.80"
"Frankfurt Distribution Hub","Frankfurt","Global","Qualcomm Technologies","Canada","Computing & Servers","442","43307.16"
"Amsterdam Distribution Hub","Amsterdam","Global","Corsair Gaming","South Korea","Computing & Servers","426","41739.48"
"Osaka Distribution Hub","Osaka","Global","Seagate Technology","Global","Electronics","782","41539.84"
"Seoul Distribution Hub","Seoul","Global","Razer Inc. Global","Canada","Mobile Devices","637","41194.79"
"Hamburg Distribution Hub","Hamburg","Global","Lenovo Group Ltd.","Turkey","Electronics","774","41114.88"
"Leeds Distribution Hub","Leeds","Global","Razer Inc. Global","Canada","Computing & Servers","418","40955.64"
"Surabaya Distribution Hub","Surabaya","Indonesia","Western Digital","Global","Electronics","764","40583.68"
"Incheon Distribution Hub","Incheon","Global","Sony Corporation","Turkey","Electronics","757","40211.84"
"Medan Distribution Hub","Medan","Indonesia","Sony Corporation","Turkey","Electronics","755","40105.60"
"Amsterdam Distribution Hub","Amsterdam","Global","Apple Inc. Global","France","Electronics","723","38405.76"
"Manchester Distribution Hub","Manchester","Global","Western Digital","Global","Gaming Console & Accs","482","36034.32"
"Busan Distribution Hub","Busan","Global","Samsung Electronics","Global","Computing & Servers","733","35946.32"
"Rio de Janeiro Distribution Hub","Rio de Janeiro","Global","Quanta Computer","Global","Gaming Console & Accs","471","35211.96"
"Paris Distribution Hub","Paris","Global","Samsung Electronics","Global","Gaming Console & Accs","466","34838.16"
"Vancouver Distribution Hub","Vancouver","Global","Western Digital","Global","Computing & Servers","600","34746.00"
"Jurong Distribution Hub","Jurong","Global","Quanta Computer","Global","Electronics","599","31818.88"
"Bangalore Distribution Hub","Bangalore","Global","LG Electronics","Global","Gaming Console & Accs","424","31698.24"
"Montreal Distribution Hub","Montreal","Global","Compal Electronics","France","Mobile Devices","767","31684.77"
"Jurong Distribution Hub","Jurong","Global","Foxconn Technology Group","Global","Computing & Servers","530","30692.30"
"Tokyo Distribution Hub","Tokyo","Global","TSMC (Taiwan Semiconductor)","Indonesia","Gaming Console & Accs","708","29304.12"
"Dubai Distribution Hub","Dubai","Global","Razer Inc. Global","Canada","Gaming Console & Accs","390","29156.40"
"Shanghai Distribution Hub","Shanghai","Global","MSI (Micro-Star International)","South Korea","Gaming Console & Accs","704","29138.56"
"Amsterdam Distribution Hub","Amsterdam","Global","AMD (Advanced Micro Devices)","Global","Mobile Devices","448","28972.16"
"Surabaya Distribution Hub","Surabaya","Indonesia","Apple Inc. Global","France","Electronics","893","28638.51"
"Phoenix Distribution Hub","Phoenix","United States","Logitech International","Global","Gaming Console & Accs","690","28559.10"
"Bandung Distribution Hub","Bandung","Indonesia","Gigabyte Technology","United Kingdom","Electronics","529","28100.48"
"Dubai Distribution Hub","Dubai","Global","Quanta Computer","Global","Gaming Console & Accs","674","27896.86"
"Tokyo Distribution Hub","Tokyo","Global","Quanta Computer","Global","Electronics","848","27195.36"
"Rio de Janeiro Distribution Hub","Rio de Janeiro","Global","Toshiba Corporation","Global","Mobile Devices","408","26385.36"
"Amsterdam Distribution Hub","Amsterdam","Global","Foxconn Technology Group","Global","Mobile Devices","629","25983.99"
"Paris Distribution Hub","Paris","Global","Qualcomm Technologies","Canada","Electronics","779","24982.53"
"Sydney Distribution Hub","Sydney","Global","Toshiba Corporation","Global","Electronics","945","24655.05"
"Hamburg Distribution Hub","Hamburg","Global","Apple Inc. Global","France","Electronics","757","24276.99"
"New York Distribution Hub","New York","United States","Compal Electronics","France","Electronics","725","23250.75"
"Abu Dhabi Distribution Hub","Abu Dhabi","Global","Wistron Corporation","Global","Electronics","713","22865.91"
"Hamburg Distribution Hub","Hamburg","Global","Samsung Electronics","Global","Gaming Console & Accs","539","22309.21"
"Osaka Distribution Hub","Osaka","Global","Dell Technologies Inc.","France","Mobile Devices","534","22059.54"
"Montreal Distribution Hub","Montreal","Global","Panasonic Corporation","Global","Gaming Console & Accs","524","21688.36"
"New York Distribution Hub","New York","United States","NVIDIA Corporation","Indonesia","Gaming Console & Accs","518","21440.02"
"Guangzhou Distribution Hub","Guangzhou","Global","Wistron Corporation","Global","Gaming Console & Accs","484","20032.76"
"Mumbai Distribution Hub","Mumbai","Global","Quanta Computer","Global","Electronics","587","18825.09"
"Hyderabad Distribution Hub","Hyderabad","Global","Microsoft Hardware Div.","Canada","Electronics","712","18576.08"
"Dubai Distribution Hub","Dubai","Global","LG Electronics","Global","Gaming Console & Accs","816","18547.68"
"Vancouver Distribution Hub","Vancouver","Global","Apple Inc. Global","France","Gaming Console & Accs","807","18343.11"
"Seoul Distribution Hub","Seoul","Global","Sony Corporation","Turkey","Electronics","568","18215.76"
"Rio de Janeiro Distribution Hub","Rio de Janeiro","Global","Seagate Technology","Global","Electronics","553","17734.71"
"Lyon Distribution Hub","Lyon","Global","TSMC (Taiwan Semiconductor)","Indonesia","Mobile Devices","428","17680.68"
"London Distribution Hub","London","Global","Kingston Technology","Global","Electronics","476","15265.32"
"Jurong Distribution Hub","Jurong","Global","Qualcomm Technologies","Canada","Gaming Console & Accs","458","10410.34"
